job_id,seller_id,arrival_time,estimated_runtime,priority,job_type
1,D,397,29,1,crop
2,H,477,3,3,thumbnail
3,D,275,5,2,watermark
4,F,461,7,3,policy_check
5,H,28,19,4,watermark
6,A,270,17,4,resize
7,A,416,14,5,compress
8,D,264,18,2,watermark
9,C,396,29,4,resize
10,B,330,16,4,resize
11,F,83,27,4,resize
12,D,78,20,3,resize
13,F,330,29,3,compress
14,C,320,6,2,transcode
15,H,332,10,2,transcode
16,G,146,10,5,crop
17,F,107,13,1,compress
18,E,463,10,3,policy_check
19,G,358,14,4,thumbnail
20,A,421,14,5,crop
21,E,126,3,3,thumbnail
22,C,119,21,5,watermark
23,H,395,6,3,transcode
24,G,457,22,3,resize
25,E,69,1,4,compress
26,G,136,12,2,transcode
27,D,269,4,1,watermark
28,B,295,13,3,resize
29,D,449,24,1,resize
30,G,199,9,3,policy_check
31,E,178,18,5,transcode
32,H,68,17,2,crop
33,D,365,14,2,watermark
34,F,38,19,4,thumbnail
35,B,1,15,4,compress
36,H,248,20,5,resize
37,H,212,30,3,compress
38,F,335,26,4,crop
39,C,320,6,5,compress
40,G,498,21,4,resize
41,D,490,16,2,resize
42,C,396,12,3,transcode
43,E,208,2,2,crop
44,F,83,30,5,policy_check
45,G,313,3,2,policy_check
46,C,244,13,1,compress
47,G,359,2,3,compress
48,D,334,24,4,policy_check
49,E,40,12,1,compress
50,H,273,1,1,policy_check
51,C,368,2,2,thumbnail
52,E,381,3,2,policy_check
53,C,298,4,4,resize
54,A,211,11,1,transcode
55,B,32,8,1,policy_check
56,F,68,28,4,policy_check
57,B,114,1,2,thumbnail
58,D,29,25,1,resize
59,D,310,7,5,transcode
60,C,35,14,2,crop
61,A,150,21,5,transcode
62,B,41,28,5,compress
63,G,477,15,2,watermark
64,A,422,13,3,thumbnail
65,A,332,23,4,compress
66,H,170,8,1,policy_check
67,E,201,7,4,thumbnail
68,C,8,12,4,watermark
69,B,244,6,1,thumbnail
70,G,35,11,3,transcode
71,H,440,3,1,thumbnail
72,A,6,5,5,thumbnail
73,A,488,27,5,resize
74,C,151,13,4,policy_check
75,H,149,1,2,compress
76,E,287,9,1,thumbnail
77,F,262,6,3,policy_check
78,H,353,22,3,resize
79,D,200,29,3,crop
80,B,333,16,3,thumbnail
81,A,5,9,5,resize
82,C,28,2,2,resize
83,D,197,27,4,compress
84,B,391,26,4,crop
85,G,441,27,2,compress
86,F,323,25,1,transcode
87,F,334,14,3,resize
88,G,468,24,4,thumbnail
89,D,323,2,3,transcode
90,A,60,3,1,transcode
91,D,21,29,3,resize
92,F,433,8,1,transcode
93,F,199,1,1,crop
94,C,6,5,1,compress
95,F,18,28,2,transcode
96,H,242,4,4,policy_check
97,G,57,7,2,crop
98,H,286,12,3,resize
99,E,138,27,2,compress
100,F,375,1,4,watermark
101,B,360,23,1,transcode
102,C,139,18,1,resize
103,C,167,9,4,transcode
104,G,493,6,5,policy_check
105,B,495,16,4,crop
106,G,129,7,2,crop
107,B,259,11,2,crop
108,B,366,5,4,policy_check
109,E,491,3,5,policy_check
110,H,15,2,3,crop
111,G,399,30,2,transcode
112,F,270,7,1,thumbnail
113,C,472,29,5,compress
114,A,257,2,5,watermark
115,H,404,1,5,resize
116,F,50,4,1,crop
117,D,341,30,1,crop
118,G,358,5,1,watermark
119,B,498,19,5,compress
120,B,4,29,2,crop
121,C,25,9,1,crop
122,E,299,5,5,policy_check
123,G,119,5,4,compress
124,F,345,19,3,thumbnail
125,B,166,12,1,thumbnail
126,E,21,30,4,policy_check
127,F,312,4,2,crop
128,D,487,1,5,thumbnail
129,H,24,24,2,crop
130,E,331,21,1,policy_check
131,H,242,27,5,watermark
132,H,437,13,3,compress
133,G,48,5,2,watermark
134,C,438,7,1,policy_check
135,D,399,27,4,resize
136,E,232,9,2,watermark
137,A,398,22,2,watermark
138,G,53,6,2,transcode
139,C,357,25,5,resize
140,D,198,17,1,crop
141,C,152,7,1,compress
142,C,55,2,1,thumbnail
143,E,231,20,2,watermark
144,C,201,10,5,transcode
145,C,275,4,4,resize
146,A,327,2,5,crop
147,A,282,11,1,thumbnail
148,F,192,11,3,resize
149,A,240,22,2,policy_check
150,E,412,10,5,thumbnail
151,H,54,10,3,crop
152,G,439,9,1,thumbnail
153,H,459,18,4,resize
154,H,428,1,2,crop
155,A,314,23,1,crop
156,G,65,10,4,watermark
157,G,117,26,2,resize
158,H,430,2,4,watermark
159,B,76,2,2,watermark
160,C,460,1,3,crop
161,B,348,25,3,watermark
162,A,363,5,2,crop
163,A,233,24,3,watermark
164,B,458,4,5,compress
165,G,498,2,1,policy_check
166,A,372,18,5,transcode
167,D,336,22,1,thumbnail
168,G,41,12,4,transcode
169,G,471,17,2,policy_check
170,G,172,16,1,crop
171,H,190,15,1,resize
172,B,411,4,5,crop
173,G,482,19,2,crop
174,H,243,20,1,crop
175,B,147,3,2,compress
176,H,207,19,5,resize
177,C,263,9,3,watermark
178,D,77,2,3,transcode
179,F,17,22,2,resize
180,H,331,11,1,thumbnail
181,C,228,18,2,thumbnail
182,B,376,1,5,crop
183,A,367,8,3,thumbnail
184,A,212,26,3,crop
185,D,304,16,4,policy_check
186,H,18,11,5,transcode
187,D,57,5,5,transcode
188,G,110,12,3,thumbnail
189,C,386,15,4,thumbnail
190,H,14,8,4,crop
191,G,190,16,4,compress
192,F,226,2,4,thumbnail
193,B,356,28,5,watermark
194,G,442,14,3,policy_check
195,E,349,16,1,compress
196,G,44,8,3,transcode
197,C,302,17,5,crop
198,D,321,20,3,transcode
199,C,382,17,3,watermark
200,H,392,6,4,policy_check
201,E,349,6,5,crop
202,B,267,8,3,thumbnail
203,G,466,5,5,resize
204,F,37,13,3,policy_check
205,C,78,19,1,crop
206,F,287,8,5,resize
207,H,328,16,4,thumbnail
208,C,469,1,5,watermark
209,H,19,23,4,compress
210,D,194,15,5,crop
211,A,194,8,2,transcode
212,D,406,25,3,thumbnail
213,B,500,28,1,thumbnail
214,F,132,27,5,transcode
215,B,112,21,4,thumbnail
216,E,174,29,4,thumbnail
217,E,235,22,2,crop
218,E,65,24,4,compress
219,G,232,15,3,watermark
220,D,0,17,5,transcode
221,A,194,17,3,thumbnail
222,H,260,23,3,crop
223,G,480,15,5,transcode
224,G,208,6,3,thumbnail
225,F,102,2,1,watermark
226,G,139,25,2,policy_check
227,C,474,20,4,crop
228,B,142,25,4,resize
229,H,222,23,1,transcode
230,G,208,25,5,compress
231,F,479,3,4,crop
232,C,69,4,5,resize
233,D,384,10,5,resize
234,D,466,8,4,compress
235,F,395,9,1,thumbnail
236,A,216,3,2,transcode
237,A,288,25,2,resize
238,A,88,14,5,transcode
239,C,219,24,3,policy_check
240,D,338,6,1,resize
241,G,365,13,2,thumbnail
242,F,50,12,2,watermark
243,A,343,20,5,watermark
244,B,410,11,3,policy_check
245,F,37,6,2,compress
246,E,195,10,3,transcode
247,A,239,13,4,compress
248,B,330,20,3,compress
249,E,203,4,2,transcode
250,E,397,2,3,compress
251,C,409,20,3,resize
252,G,162,20,3,transcode
253,D,366,12,4,watermark
254,E,201,16,4,watermark
255,H,114,17,4,policy_check
256,C,419,29,3,policy_check
257,G,374,27,2,thumbnail
258,G,492,2,1,resize
259,C,27,13,2,policy_check
260,H,354,15,5,transcode
261,B,77,17,3,resize
262,E,21,2,2,watermark
263,C,266,26,3,thumbnail
264,D,2,23,3,thumbnail
265,D,299,22,1,resize
266,D,410,17,2,resize
267,D,102,29,4,resize
268,G,440,27,1,crop
269,D,102,27,3,thumbnail
270,A,84,28,3,crop
271,C,365,26,2,crop
272,D,267,24,3,crop
273,F,423,18,5,thumbnail
274,B,199,16,1,policy_check
275,B,193,4,3,thumbnail
276,A,221,30,2,policy_check
277,E,358,27,2,resize
278,H,465,28,1,compress
279,A,294,30,4,watermark
280,B,282,8,1,transcode
281,A,99,9,1,transcode
282,E,354,2,5,compress
283,E,402,24,3,transcode
284,A,148,28,5,compress
285,C,75,12,5,watermark
286,E,362,23,2,policy_check
287,F,387,11,4,thumbnail
288,G,53,9,3,compress
289,H,112,3,1,crop
290,F,210,21,3,policy_check
291,C,43,1,4,watermark
292,C,75,3,5,policy_check
293,A,367,25,5,policy_check
294,A,278,11,1,policy_check
295,F,216,13,1,watermark
296,H,187,10,2,compress
297,A,453,13,4,transcode
298,A,9,29,4,policy_check
299,F,250,27,1,policy_check
300,A,239,13,5,resize
301,F,28,23,1,crop
302,C,465,19,2,watermark
303,D,214,3,3,compress
304,B,275,20,2,watermark
305,F,364,11,5,transcode
306,G,216,1,2,transcode
307,E,361,25,4,thumbnail
308,B,317,10,4,transcode
309,E,175,20,3,thumbnail
310,E,110,23,3,crop
311,B,20,27,5,transcode
312,F,252,16,1,thumbnail
313,G,6,22,3,watermark
314,C,226,6,3,policy_check
315,B,176,30,3,transcode
316,H,379,27,4,thumbnail
317,D,459,24,5,thumbnail
318,G,74,17,4,compress
319,E,376,4,1,thumbnail
320,C,147,29,3,crop
321,E,382,2,1,transcode
322,B,400,23,3,thumbnail
323,F,403,5,1,transcode
324,D,75,29,2,crop
325,F,96,2,3,compress
326,B,260,13,4,policy_check
327,E,220,17,4,compress
328,C,345,17,2,compress
329,A,475,12,3,crop
330,F,245,15,1,crop
331,B,276,17,2,resize
332,C,130,15,2,watermark
333,E,381,17,3,thumbnail
334,C,415,16,4,crop
335,B,263,21,4,resize
336,H,30,12,3,transcode
337,D,439,29,2,watermark
338,C,311,18,4,compress
339,D,278,11,4,policy_check
340,E,64,3,1,thumbnail
341,H,277,9,5,resize
342,H,47,12,4,resize
343,D,299,3,4,transcode
344,C,246,26,1,compress
345,H,344,18,2,crop
346,E,446,30,1,transcode
347,C,272,13,5,thumbnail
348,E,64,2,1,resize
349,G,99,19,3,transcode
350,F,306,26,1,thumbnail
351,A,431,25,2,thumbnail
352,C,137,1,5,compress
353,B,113,3,2,compress
354,C,305,1,1,policy_check
355,F,243,9,2,transcode
356,E,88,6,5,compress
357,D,119,16,3,crop
358,C,43,21,2,resize
359,D,439,5,1,crop
360,C,400,27,5,thumbnail
361,G,263,11,2,policy_check
362,F,472,12,4,thumbnail
363,F,83,2,2,transcode
364,F,423,6,4,policy_check
365,D,420,20,5,resize
366,G,23,14,2,thumbnail
367,A,408,16,4,watermark
368,C,213,13,5,crop
369,B,167,29,1,compress
370,C,493,28,3,transcode
371,F,447,12,2,thumbnail
372,A,213,28,1,watermark
373,A,192,30,3,resize
374,B,213,21,4,watermark
375,C,263,20,3,resize
376,D,33,20,3,transcode
377,B,468,27,3,policy_check
378,A,65,7,4,watermark
379,B,263,27,2,thumbnail
380,A,199,25,4,transcode
381,G,266,15,1,policy_check
382,H,430,13,3,transcode
383,B,438,11,5,compress
384,A,361,14,4,watermark
385,D,352,9,3,compress
386,E,494,23,5,transcode
387,C,313,29,2,transcode
388,C,207,23,1,crop
389,B,61,19,1,watermark
390,G,268,7,3,thumbnail
391,H,275,15,4,crop
392,B,470,5,2,crop
393,C,263,15,2,transcode
394,F,115,5,4,watermark
395,C,239,9,5,compress
396,C,52,11,5,thumbnail
397,F,91,2,4,transcode
398,D,171,8,1,resize
399,B,95,25,1,policy_check
400,B,171,14,5,policy_check
401,C,8,18,1,compress
402,A,362,17,2,thumbnail
403,A,350,25,5,crop
404,A,186,15,3,compress
405,D,223,12,5,policy_check
406,G,149,24,5,resize
407,C,135,25,3,policy_check
408,G,456,14,2,resize
409,B,106,2,5,transcode
410,C,126,13,1,policy_check
411,G,242,5,4,compress
412,E,361,29,2,thumbnail
413,E,476,21,3,policy_check
414,A,126,23,2,compress
415,H,161,9,3,compress
416,A,388,13,3,watermark
417,H,422,7,4,watermark
418,F,36,10,3,policy_check
419,A,139,4,1,crop
420,A,34,6,4,resize
421,H,391,30,5,crop
422,E,177,2,4,policy_check
423,B,473,21,1,transcode
424,E,213,16,1,transcode
425,A,23,5,5,resize
426,C,208,20,1,watermark
427,C,187,2,1,crop
428,B,466,29,1,compress
429,F,382,16,3,watermark
430,A,170,3,5,resize
431,B,466,10,2,thumbnail
432,H,39,8,4,thumbnail
433,A,319,10,5,compress
434,H,359,13,2,compress
435,E,474,4,5,resize
436,F,224,15,1,watermark
437,C,27,26,2,policy_check
438,B,113,27,2,resize
439,B,263,28,1,crop
440,E,396,24,2,crop
441,C,279,15,2,transcode
442,G,103,24,4,compress
443,A,164,9,2,policy_check
444,G,2,18,3,resize
445,C,146,4,3,crop
446,B,190,21,2,transcode
447,A,333,20,1,transcode
448,E,56,28,2,crop
449,G,350,14,5,transcode
450,G,256,9,1,resize
451,F,273,4,3,crop
452,F,367,4,4,transcode
453,B,91,22,4,watermark
454,E,436,26,1,policy_check
455,C,49,25,5,watermark
456,G,261,25,1,policy_check
457,H,116,16,2,compress
458,D,327,24,5,resize
459,G,450,21,2,watermark
460,A,222,21,2,thumbnail
461,H,455,10,1,watermark
462,A,170,10,4,thumbnail
463,E,240,24,5,watermark
464,G,462,27,1,compress
465,H,369,25,2,watermark
466,G,18,12,1,resize
467,E,348,11,5,compress
468,A,175,1,2,watermark
469,B,470,10,4,watermark
470,A,478,3,3,thumbnail
471,F,7,29,1,resize
472,G,282,3,2,resize
473,C,332,21,4,watermark
474,C,74,15,4,thumbnail
475,B,420,15,3,thumbnail
476,A,291,25,5,compress
477,C,62,7,1,thumbnail
478,G,314,9,4,crop
479,D,137,25,3,resize
480,C,259,29,5,crop
481,C,103,30,2,transcode
482,E,11,10,1,watermark
483,G,346,15,1,crop
484,A,488,5,2,resize
485,D,243,16,4,crop
486,D,292,26,2,watermark
487,F,385,12,1,resize
488,H,167,29,4,watermark
489,D,427,7,4,compress
490,B,281,12,3,thumbnail
491,A,243,22,5,thumbnail
492,G,133,12,4,compress
493,C,476,10,5,policy_check
494,A,47,5,3,thumbnail
495,G,192,13,2,crop
496,H,439,5,1,transcode
497,H,266,15,4,resize
498,G,441,15,1,transcode
499,D,345,28,2,compress
500,H,201,10,4,compress
501,D,184,25,2,transcode
502,H,315,13,3,policy_check
503,H,457,29,5,resize
504,H,195,25,2,crop
505,H,45,19,2,crop
506,G,146,29,1,policy_check
507,F,210,30,4,crop
508,F,69,18,3,compress
509,G,38,3,4,transcode
510,G,86,13,4,compress
511,G,247,27,5,transcode
512,D,283,17,3,resize
513,B,214,16,2,compress
514,G,380,6,2,compress
515,H,226,5,5,crop
516,G,498,3,1,watermark
517,A,283,4,5,transcode
518,G,439,7,2,policy_check
519,B,456,11,3,transcode
520,E,86,29,2,crop
521,C,336,10,4,compress
522,F,376,28,3,transcode
523,D,421,25,2,watermark
524,G,86,5,5,crop
525,E,380,28,2,compress
526,C,133,18,4,transcode
527,D,438,15,2,compress
528,H,238,2,3,transcode
529,F,115,20,4,thumbnail
530,F,7,12,2,crop
531,H,201,25,5,thumbnail
532,G,279,3,5,crop
533,F,429,10,1,transcode
534,F,261,1,2,watermark
535,F,445,4,1,watermark
536,A,319,13,5,watermark
537,D,8,19,4,crop
538,E,298,13,3,policy_check
539,A,322,13,3,watermark
540,A,19,15,5,watermark
541,G,144,4,3,thumbnail
542,B,439,23,3,crop
543,G,470,22,4,thumbnail
544,D,247,7,2,watermark
545,B,377,23,3,thumbnail
546,G,356,22,3,compress
547,C,166,14,2,compress
548,G,439,2,1,resize
549,A,238,8,2,resize
550,A,50,19,4,resize
551,A,4,4,5,policy_check
552,C,461,15,5,watermark
553,B,422,3,3,resize
554,D,79,18,3,resize
555,A,340,17,2,compress
556,E,204,29,4,thumbnail
557,F,323,17,1,crop
558,C,494,20,3,transcode
559,H,134,2,1,policy_check
560,C,441,9,3,policy_check
561,C,464,19,4,thumbnail
562,C,488,16,2,watermark
563,A,55,30,3,thumbnail
564,G,421,9,4,compress
565,G,145,25,3,thumbnail
566,C,419,5,2,compress
567,G,471,1,1,transcode
568,H,242,23,4,resize
569,E,315,4,5,crop
570,E,10,26,5,transcode
571,B,478,26,2,transcode
572,G,100,21,5,crop
573,C,337,16,4,transcode
574,B,215,18,1,crop
575,D,477,4,1,policy_check
576,G,370,14,1,transcode
577,H,352,19,4,transcode
578,E,402,5,5,compress
579,G,232,21,2,thumbnail
580,H,448,11,4,crop
581,A,222,11,4,policy_check
582,H,254,5,2,policy_check
583,G,83,14,5,policy_check
584,C,115,18,3,crop
585,D,499,17,4,policy_check
586,G,52,23,3,transcode
587,H,72,24,4,policy_check
588,H,14,14,3,resize
589,F,394,25,4,resize
590,H,61,21,1,watermark
591,A,496,13,3,crop
592,A,85,24,2,transcode
593,A,237,30,2,resize
594,G,83,19,2,compress
595,D,127,13,1,compress
596,D,181,18,5,transcode
597,A,24,22,4,transcode
598,F,317,24,4,thumbnail
599,E,348,14,3,compress
600,H,217,18,1,resize
601,B,118,28,4,thumbnail
602,C,296,6,4,transcode
603,F,1,2,2,policy_check
604,C,360,25,3,policy_check
605,D,472,14,2,policy_check
606,B,11,14,1,policy_check
607,D,184,4,1,transcode
608,G,438,23,5,crop
609,D,179,26,1,resize
610,F,336,14,2,transcode
611,D,326,14,1,resize
612,B,3,14,1,compress
613,D,271,10,1,transcode
614,E,154,30,4,transcode
615,D,264,10,2,resize
616,F,328,26,1,crop
617,E,253,20,2,crop
618,H,129,22,4,crop
619,B,78,25,2,policy_check
620,F,254,30,1,transcode
621,G,41,2,1,transcode
622,G,168,2,5,watermark
623,D,414,6,5,crop
624,H,223,22,1,crop
625,G,361,13,5,compress
626,A,45,7,3,resize
627,B,275,6,2,crop
628,D,173,8,4,watermark
629,H,275,17,1,transcode
630,H,60,4,1,thumbnail
631,H,343,2,5,watermark
632,C,131,22,2,resize
633,G,311,24,4,watermark
634,A,287,14,4,crop
635,A,495,27,3,transcode
636,C,175,15,2,crop
637,B,315,15,1,policy_check
638,D,294,13,2,policy_check
639,E,492,25,3,policy_check
640,D,137,5,2,watermark
641,E,72,22,5,thumbnail
642,F,95,25,2,policy_check
643,G,311,16,4,transcode
644,C,153,17,2,resize
645,F,81,23,1,thumbnail
646,A,40,14,1,thumbnail
647,D,434,15,4,thumbnail
648,H,440,21,1,crop
649,E,314,13,1,transcode
650,E,124,13,5,crop
651,E,150,20,3,crop
652,A,52,26,1,compress
653,A,137,11,5,policy_check
654,C,292,1,4,resize
655,G,492,8,2,thumbnail
656,H,249,24,4,policy_check
657,G,197,17,2,compress
658,D,269,2,2,compress
659,G,253,15,5,thumbnail
660,C,73,13,1,policy_check
661,D,138,12,5,watermark
662,A,284,12,1,policy_check
663,A,429,28,3,resize
664,C,278,8,5,compress
665,H,366,1,1,watermark
666,C,312,28,4,watermark
667,G,383,7,3,watermark
668,E,147,4,1,policy_check
669,B,449,27,1,thumbnail
670,F,281,27,5,watermark
671,B,475,22,1,thumbnail
672,H,20,19,1,thumbnail
673,F,75,15,5,compress
674,A,384,18,1,transcode
675,B,272,3,3,policy_check
676,D,470,29,4,compress
677,E,153,8,1,policy_check
678,A,69,27,5,watermark
679,C,79,19,1,transcode
680,C,140,6,1,compress
681,A,498,28,1,resize
682,C,441,4,3,transcode
683,E,7,12,4,policy_check
684,H,143,10,2,watermark
685,B,437,25,1,watermark
686,G,379,14,4,watermark
687,B,424,11,4,thumbnail
688,D,181,8,1,policy_check
689,B,109,7,4,thumbnail
690,C,460,20,3,thumbnail
691,B,437,26,1,resize
692,E,393,16,4,thumbnail
693,F,289,21,5,thumbnail
694,D,425,19,2,transcode
695,G,383,19,2,crop
696,H,28,2,1,compress
697,B,495,3,1,transcode
698,A,10,4,2,crop
699,D,341,30,4,transcode
700,H,248,5,1,crop
701,E,204,4,3,transcode
702,D,197,20,4,transcode
703,D,0,5,1,compress
704,E,146,13,1,watermark
705,D,0,1,5,crop
706,A,408,22,5,transcode
707,F,135,9,2,resize
708,G,180,8,5,transcode
709,B,316,5,3,watermark
710,G,49,19,3,resize
711,D,63,11,3,policy_check
712,D,415,20,2,thumbnail
713,D,262,26,2,resize
714,C,211,8,1,watermark
715,F,222,19,2,watermark
716,H,291,18,4,thumbnail
717,E,449,7,2,resize
718,F,358,3,2,policy_check
719,B,327,17,3,policy_check
720,B,16,15,2,policy_check
721,G,463,16,5,compress
722,F,72,7,4,policy_check
723,G,222,29,4,crop
724,D,241,4,2,compress
725,D,119,24,2,watermark
726,B,166,14,1,policy_check
727,B,40,18,4,watermark
728,F,462,6,4,transcode
729,F,437,17,5,transcode
730,C,365,27,5,transcode
731,E,389,6,4,policy_check
732,E,155,8,5,policy_check
733,G,490,10,2,transcode
734,E,284,21,5,crop
735,G,261,15,1,crop
736,A,271,26,5,watermark
737,D,383,1,3,transcode
738,C,106,28,1,transcode
739,C,43,13,1,thumbnail
740,A,131,28,4,transcode
741,H,254,28,4,watermark
742,G,225,22,3,resize
743,E,430,21,5,thumbnail
744,C,359,18,1,crop
745,H,333,7,4,resize
746,D,425,2,5,resize
747,B,141,4,3,compress
748,B,47,20,2,watermark
749,B,170,4,5,policy_check
750,G,251,13,3,policy_check
751,E,3,10,2,thumbnail
752,A,128,1,1,transcode
753,C,158,30,4,compress
754,D,334,15,1,crop
755,E,182,18,3,resize
756,F,59,20,3,transcode
757,C,358,23,4,crop
758,H,413,14,3,resize
759,D,314,18,3,transcode
760,D,27,21,4,watermark
761,F,315,21,4,watermark
762,E,285,14,2,watermark
763,H,184,16,3,thumbnail
764,A,231,20,2,resize
765,G,321,12,1,resize
766,G,260,1,4,transcode
767,B,53,28,1,transcode
768,D,58,5,5,transcode
769,E,109,15,4,watermark
770,G,318,30,4,policy_check
771,F,67,19,4,crop
772,E,97,7,5,compress
773,F,287,23,2,transcode
774,H,61,29,5,watermark
775,E,34,29,5,compress
776,D,494,21,4,crop
777,H,57,24,2,crop
778,G,94,1,5,resize
779,G,398,6,1,resize
780,B,108,2,1,watermark
781,A,201,13,2,resize
782,F,404,27,1,policy_check
783,B,282,18,3,watermark
784,D,128,9,2,watermark
785,B,103,13,5,transcode
786,H,279,7,4,transcode
787,F,360,3,1,policy_check
788,F,293,9,4,resize
789,H,462,3,4,policy_check
790,G,403,16,2,watermark
791,B,113,19,2,resize
792,B,21,6,1,transcode
793,F,49,26,1,compress
794,B,433,18,5,thumbnail
795,F,5,25,3,compress
796,A,429,17,2,transcode
797,H,498,27,1,crop
798,C,119,6,1,resize
799,H,98,13,2,crop
800,H,242,14,5,thumbnail
801,D,58,11,4,watermark
802,D,500,19,2,compress
803,D,230,17,4,thumbnail
804,E,208,11,3,transcode
805,E,465,18,1,thumbnail
806,G,25,10,4,watermark
807,B,251,9,5,policy_check
808,B,200,1,5,watermark
809,F,97,18,1,transcode
810,B,224,26,5,watermark
811,D,128,4,3,policy_check
812,H,25,4,3,transcode
813,H,485,20,4,resize
814,E,44,5,5,transcode
815,H,326,1,5,thumbnail
816,G,10,28,3,thumbnail
817,F,41,29,1,compress
818,B,334,22,4,compress
819,B,95,24,4,compress
820,H,336,16,4,thumbnail
821,D,351,14,2,crop
822,D,339,14,2,thumbnail
823,D,46,12,2,watermark
824,C,298,25,1,thumbnail
825,G,359,13,4,transcode
826,C,448,27,2,resize
827,D,97,3,5,compress
828,C,481,14,5,resize
829,D,150,13,5,transcode
830,H,342,29,2,compress
831,H,333,28,1,watermark
832,C,212,8,4,transcode
833,F,78,24,5,watermark
834,H,357,22,1,compress
835,E,165,15,2,policy_check
836,B,328,26,5,crop
837,B,106,3,1,policy_check
838,H,472,15,4,transcode
839,H,215,17,2,compress
840,A,98,7,5,thumbnail
841,C,494,6,5,compress
842,F,345,20,1,transcode
843,E,359,8,2,thumbnail
844,B,119,16,3,crop
845,F,96,18,3,compress
846,E,90,24,3,watermark
847,D,247,18,3,resize
848,B,212,22,5,policy_check
849,A,475,12,5,watermark
850,A,138,9,3,thumbnail
851,D,353,28,4,resize
852,F,444,2,4,thumbnail
853,H,344,13,2,thumbnail
854,B,311,6,4,policy_check
855,H,203,23,2,transcode
856,G,350,1,1,transcode
857,D,115,10,1,transcode
858,G,285,5,4,crop
859,C,333,13,3,transcode
860,F,270,4,5,crop
861,B,175,10,2,transcode
862,D,160,26,5,thumbnail
863,C,402,17,2,crop
864,D,130,15,2,transcode
865,C,489,7,5,compress
866,A,148,6,1,transcode
867,E,162,28,4,transcode
868,B,240,9,4,thumbnail
869,F,372,7,2,policy_check
870,A,11,29,4,watermark
871,C,410,14,4,transcode
872,G,140,7,1,transcode
873,F,477,5,5,watermark
874,E,196,14,2,resize
875,C,265,27,4,thumbnail
876,D,101,2,5,watermark
877,C,75,26,1,policy_check
878,H,390,24,2,resize
879,B,149,16,1,resize
880,A,442,25,5,watermark
881,C,354,21,2,crop
882,A,307,3,2,resize
883,G,495,9,3,resize
884,C,487,25,2,policy_check
885,C,67,24,4,compress
886,C,9,24,1,transcode
887,E,415,20,5,transcode
888,E,293,9,4,resize
889,C,486,21,3,resize
890,H,490,15,4,compress
891,C,155,5,1,policy_check
892,D,488,21,4,resize
893,D,102,29,5,resize
894,H,370,25,1,compress
895,E,361,24,3,resize
896,C,82,28,5,policy_check
897,E,408,2,2,thumbnail
898,C,305,19,3,transcode
899,H,349,23,5,thumbnail
900,F,371,2,4,crop
901,D,296,24,1,transcode
902,D,24,17,5,thumbnail
903,F,263,24,4,transcode
904,C,412,18,5,resize
905,F,334,15,4,thumbnail
906,E,472,9,1,policy_check
907,A,162,20,5,policy_check
908,A,327,26,4,compress
909,E,444,7,3,thumbnail
910,G,403,30,5,policy_check
911,F,76,17,2,watermark
912,A,328,15,2,thumbnail
913,D,11,15,4,watermark
914,A,467,29,5,transcode
915,H,80,16,3,crop
916,H,432,9,3,crop
917,D,494,14,4,resize
918,E,380,3,4,compress
919,G,16,9,2,watermark
920,C,131,18,4,compress
921,B,463,14,1,resize
922,E,368,24,4,transcode
923,A,451,28,5,thumbnail
924,A,441,17,5,compress
925,A,432,17,4,policy_check
926,F,196,15,1,crop
927,A,288,14,1,watermark
928,G,307,15,2,transcode
929,D,124,28,1,crop
930,F,36,26,5,watermark
931,H,169,20,4,compress
932,G,387,7,1,transcode
933,C,243,18,4,crop
934,B,333,27,1,thumbnail
935,H,89,1,4,compress
936,E,291,16,5,watermark
937,C,168,24,4,resize
938,H,341,22,3,compress
939,E,254,4,1,compress
940,D,236,12,2,thumbnail
941,F,47,15,5,compress
942,E,404,10,1,thumbnail
943,B,250,28,4,resize
944,D,437,23,5,compress
945,E,276,7,5,resize
946,F,65,9,5,transcode
947,F,67,2,1,transcode
948,A,251,25,3,thumbnail
949,F,220,26,2,compress
950,F,73,13,2,compress
951,D,359,23,3,resize
952,E,179,5,1,thumbnail
953,A,72,5,5,resize
954,A,434,14,2,resize
955,E,190,20,4,compress
956,E,257,4,1,resize
957,D,43,6,2,crop
958,E,262,7,3,watermark
959,A,464,29,5,policy_check
960,B,335,5,5,crop
961,H,84,26,2,watermark
962,G,310,21,4,crop
963,E,299,22,4,policy_check
964,E,188,12,5,transcode
965,G,76,25,1,thumbnail
966,F,214,29,1,watermark
967,A,405,8,1,crop
968,B,493,12,2,compress
969,C,239,24,3,policy_check
970,F,313,27,4,watermark
971,A,218,15,1,crop
972,F,76,6,2,policy_check
973,F,313,17,2,crop
974,F,350,17,1,transcode
975,H,353,20,3,policy_check
976,D,181,19,3,crop
977,H,211,1,5,watermark
978,G,256,7,2,transcode
979,F,260,16,5,watermark
980,A,211,9,2,policy_check
981,F,111,25,5,policy_check
982,C,202,28,5,compress
983,B,239,21,5,transcode
984,D,164,19,2,policy_check
985,D,423,22,4,resize
986,C,6,11,5,resize
987,H,34,4,3,watermark
988,A,340,28,1,resize
989,G,105,10,3,compress
990,D,64,23,1,crop
991,B,85,28,4,compress
992,A,307,19,1,thumbnail
993,D,67,15,1,crop
994,G,206,15,2,thumbnail
995,B,475,13,5,resize
996,G,466,1,1,watermark
997,G,220,15,2,compress
998,B,138,14,1,transcode
999,C,394,20,3,thumbnail
1000,C,308,3,4,watermark
1001,E,495,25,1,policy_check
1002,C,34,29,3,compress
1003,C,395,9,2,compress
1004,H,132,29,5,crop
1005,B,182,19,5,resize
1006,B,24,4,1,resize
1007,A,176,23,5,resize
1008,A,391,7,2,policy_check
1009,E,44,7,5,resize
1010,H,381,17,4,compress
1011,B,415,6,1,thumbnail
1012,H,372,12,1,crop
1013,C,329,25,1,watermark
1014,G,397,9,5,policy_check
1015,E,183,17,2,watermark
1016,D,223,3,3,transcode
1017,A,204,15,1,crop
1018,C,226,28,4,policy_check
1019,G,62,7,3,resize
1020,C,189,22,5,transcode
1021,A,101,11,5,thumbnail
1022,E,12,18,5,crop
1023,E,234,24,5,compress
1024,E,128,14,3,crop
1025,E,480,4,3,resize
1026,H,262,10,4,transcode
1027,B,487,13,3,resize
1028,G,96,24,3,policy_check
1029,H,129,28,5,resize
1030,B,162,6,4,policy_check
1031,E,316,4,4,transcode
1032,A,263,17,3,thumbnail
1033,G,210,18,1,crop
1034,A,412,14,2,resize
1035,E,499,14,2,transcode
1036,G,323,15,4,policy_check
1037,D,204,18,3,compress
1038,F,198,26,2,crop
1039,F,330,20,3,thumbnail
1040,H,9,19,4,transcode
1041,F,104,29,2,thumbnail
1042,A,177,15,3,crop
1043,D,255,16,2,watermark
1044,E,87,22,5,transcode
1045,C,20,21,2,compress
1046,G,257,16,5,policy_check
1047,E,499,26,3,watermark
1048,G,438,16,1,watermark
1049,F,314,23,2,compress
1050,H,105,10,3,compress
1051,A,286,17,4,watermark
1052,C,127,9,4,compress
1053,E,259,8,1,transcode
1054,C,144,9,5,watermark
1055,E,457,30,3,transcode
1056,H,96,16,2,policy_check
1057,D,397,25,5,policy_check
1058,B,66,19,2,transcode
1059,F,393,11,1,thumbnail
1060,A,380,25,5,compress
1061,G,85,13,4,resize
1062,C,104,16,3,policy_check
1063,F,417,9,1,watermark
1064,G,493,21,3,compress
1065,F,46,14,5,policy_check
1066,B,95,3,4,watermark
1067,E,49,5,5,compress
1068,H,38,15,3,transcode
1069,D,351,25,4,thumbnail
1070,C,355,16,2,watermark
1071,F,417,6,2,resize
1072,E,181,14,5,compress
1073,E,377,5,4,compress
1074,B,176,30,4,watermark
1075,E,10,20,4,transcode
1076,F,304,23,4,watermark
1077,C,66,10,3,resize
1078,H,34,28,1,watermark
1079,A,405,2,3,watermark
1080,H,220,24,1,policy_check
1081,C,382,11,4,watermark
1082,G,471,18,2,crop
1083,D,33,1,3,policy_check
1084,H,90,10,2,resize
1085,C,197,30,1,thumbnail
1086,G,499,4,4,thumbnail
1087,C,485,8,1,resize
1088,C,224,15,3,watermark
1089,A,191,24,1,watermark
1090,H,18,19,1,compress
1091,F,318,11,1,compress
1092,D,60,24,5,watermark
1093,A,133,24,2,thumbnail
1094,G,95,19,5,policy_check
1095,E,227,26,2,policy_check
1096,G,153,17,1,crop
1097,A,227,23,1,crop
1098,F,164,20,3,watermark
1099,D,251,18,2,transcode
1100,F,364,11,2,crop
1101,F,88,22,2,crop
1102,H,82,23,2,policy_check
1103,A,351,25,3,transcode
1104,B,488,7,3,crop
1105,G,305,25,1,compress
1106,B,355,9,4,watermark
1107,F,356,6,4,transcode
1108,B,411,15,5,transcode
1109,D,62,26,5,policy_check
1110,G,159,5,4,transcode
1111,F,367,14,1,compress
1112,G,263,8,3,crop
1113,E,221,16,4,compress
1114,A,431,29,2,crop
1115,D,243,13,1,compress
1116,B,197,8,2,policy_check
1117,E,36,15,5,transcode
1118,F,486,24,3,watermark
1119,G,74,27,5,thumbnail
1120,G,168,24,2,crop
1121,F,386,17,1,crop
1122,H,282,6,4,policy_check
1123,C,394,10,3,watermark
1124,E,314,13,1,compress
1125,C,432,22,4,policy_check
1126,A,303,13,3,thumbnail
1127,E,33,12,1,resize
1128,B,415,2,3,thumbnail
1129,G,343,4,1,policy_check
1130,F,353,26,4,policy_check
1131,D,362,16,4,resize
1132,H,434,12,5,thumbnail
1133,F,211,30,1,resize
1134,H,468,12,1,transcode
1135,E,493,10,4,resize
1136,H,13,26,4,thumbnail
1137,H,413,8,1,crop
1138,F,465,24,4,resize
1139,B,90,6,5,watermark
1140,A,444,3,3,resize
1141,C,326,20,2,crop
1142,G,227,16,5,policy_check
1143,B,257,8,2,compress
1144,B,53,13,3,policy_check
1145,H,49,27,2,compress
1146,E,99,7,4,crop
1147,B,58,30,5,resize
1148,H,146,29,4,transcode
1149,E,57,15,4,crop
1150,C,178,30,4,crop
1151,C,492,2,1,transcode
1152,H,235,1,1,watermark
1153,C,141,13,2,watermark
1154,D,132,1,1,thumbnail
1155,B,141,8,4,transcode
1156,B,82,2,4,watermark
1157,D,76,14,1,thumbnail
1158,E,419,1,2,compress
1159,E,282,10,3,transcode
1160,D,436,18,3,crop
1161,A,38,25,5,thumbnail
1162,C,325,13,5,compress
1163,F,364,2,3,watermark
1164,C,4,10,2,crop
1165,E,195,6,2,transcode
1166,F,410,4,3,compress
1167,C,279,30,4,transcode
1168,C,455,1,2,watermark
1169,A,266,3,2,policy_check
1170,G,448,3,4,watermark
1171,C,210,1,4,crop
1172,E,478,25,3,thumbnail
1173,E,350,1,1,resize
1174,G,1,6,3,compress
1175,C,346,29,4,watermark
1176,B,42,6,3,crop
1177,B,452,9,2,resize
1178,E,264,15,5,watermark
1179,E,44,12,3,watermark
1180,C,462,2,5,thumbnail
1181,D,19,28,5,compress
1182,A,193,30,2,crop
1183,G,43,20,1,compress
1184,B,152,22,3,compress
1185,A,221,5,5,thumbnail
1186,E,253,30,4,policy_check
1187,H,472,9,4,thumbnail
1188,D,479,21,1,resize
1189,A,60,4,4,thumbnail
1190,B,434,20,1,resize
1191,C,68,15,2,watermark
1192,F,459,27,5,transcode
1193,D,83,13,1,transcode
1194,H,476,27,1,transcode
1195,A,271,12,2,crop
1196,H,149,4,1,thumbnail
1197,B,250,9,2,thumbnail
1198,G,182,27,3,policy_check
1199,A,46,12,5,crop
1200,G,4,19,2,compress
1201,C,225,23,4,watermark
1202,G,402,24,4,crop
1203,F,162,21,3,transcode
1204,F,198,18,5,policy_check
1205,H,467,16,2,compress
1206,C,180,13,1,compress
1207,A,419,29,2,compress
1208,A,261,10,5,compress
1209,H,39,4,2,compress
1210,C,18,5,1,thumbnail
1211,D,316,18,3,resize
1212,E,396,6,4,crop
1213,G,363,28,4,transcode
1214,C,346,10,4,policy_check
1215,D,225,16,1,transcode
1216,A,281,8,2,policy_check
1217,E,99,10,1,crop
1218,A,199,27,5,crop
1219,B,179,4,2,compress
1220,C,35,16,1,thumbnail
1221,A,354,30,3,crop
1222,E,493,18,1,policy_check
1223,A,273,7,1,resize
1224,H,484,21,3,compress
1225,C,18,21,3,thumbnail
1226,D,61,2,2,resize
1227,G,482,12,5,compress
1228,H,144,25,5,resize
1229,F,34,7,3,resize
1230,F,407,13,1,watermark
1231,F,441,30,2,watermark
1232,B,10,18,2,watermark
1233,H,155,1,5,watermark
1234,G,127,4,5,thumbnail
1235,C,64,3,3,compress
1236,C,485,30,5,policy_check
1237,B,206,5,3,compress
1238,C,421,8,5,crop
1239,E,292,3,3,thumbnail
1240,F,401,27,3,resize
1241,D,88,20,5,transcode
1242,F,136,16,1,policy_check
1243,H,186,27,3,transcode
1244,B,259,20,1,resize
1245,H,321,9,1,watermark
1246,H,104,14,3,crop
1247,B,163,7,5,crop
1248,E,245,24,5,resize
1249,B,361,16,5,policy_check
1250,B,247,22,4,crop
1251,G,27,27,4,thumbnail
1252,B,386,10,1,watermark
1253,C,415,22,4,watermark
1254,F,446,18,4,transcode
1255,D,386,15,1,transcode
1256,B,252,27,5,thumbnail
1257,C,424,2,4,crop
1258,D,151,19,2,resize
1259,F,376,11,3,watermark
1260,G,172,22,4,resize
1261,E,80,16,4,crop
1262,H,266,3,3,resize
1263,C,97,8,2,crop
1264,H,330,22,1,compress
1265,G,497,17,1,thumbnail
1266,C,191,24,1,compress
1267,E,270,8,5,crop
1268,C,174,26,5,resize
1269,C,376,9,2,resize
1270,C,88,26,2,resize
1271,G,447,9,3,resize
1272,B,55,29,1,watermark
1273,F,220,20,4,compress
1274,B,317,11,1,watermark
1275,H,288,4,2,watermark
1276,D,190,10,4,crop
1277,A,272,1,1,crop
1278,A,377,9,2,transcode
1279,H,155,24,3,policy_check
1280,D,387,27,3,watermark
1281,B,289,2,1,policy_check
1282,E,421,23,4,thumbnail
1283,H,220,8,2,compress
1284,E,198,11,5,compress
1285,F,119,11,1,transcode
1286,A,486,1,3,thumbnail
1287,E,304,18,3,policy_check
1288,H,190,24,4,resize
1289,G,489,22,1,compress
1290,E,387,11,5,resize
1291,C,6,12,4,thumbnail
1292,F,227,18,5,crop
1293,H,310,3,2,crop
1294,H,85,15,2,thumbnail
1295,G,219,23,2,thumbnail
1296,F,447,27,1,watermark
1297,A,78,30,4,resize
1298,G,449,2,4,compress
1299,D,74,8,1,compress
1300,A,34,5,3,resize
1301,A,385,29,5,policy_check
1302,H,345,16,4,crop
1303,G,372,11,1,policy_check
1304,G,250,12,1,thumbnail
1305,B,308,1,3,thumbnail
1306,H,121,7,3,crop
1307,C,126,2,2,policy_check
1308,G,386,7,3,thumbnail
1309,F,33,28,5,policy_check
1310,A,63,28,1,policy_check
1311,E,210,13,5,crop
1312,H,132,28,1,transcode
1313,D,325,26,4,thumbnail
1314,D,16,9,4,thumbnail
1315,H,484,12,1,policy_check
1316,G,84,13,4,thumbnail
1317,H,407,7,1,policy_check
1318,C,42,12,4,crop
1319,D,200,13,1,compress
1320,F,328,4,3,policy_check
1321,H,382,16,3,crop
1322,B,387,11,5,policy_check
1323,E,71,13,5,crop
1324,B,284,16,3,policy_check
1325,H,48,16,3,thumbnail
1326,E,405,15,4,thumbnail
1327,B,290,12,5,policy_check
1328,C,293,5,3,thumbnail
1329,F,191,27,1,compress
1330,F,37,26,5,policy_check
1331,B,276,1,3,watermark
1332,F,237,10,3,thumbnail
1333,E,467,18,4,compress
1334,A,470,5,1,policy_check
1335,C,215,16,4,policy_check
1336,E,353,27,3,compress
1337,A,9,19,3,crop
1338,A,342,19,3,compress
1339,A,463,22,3,watermark
1340,E,98,5,2,compress
1341,F,82,23,4,watermark
1342,A,293,13,3,policy_check
1343,C,472,10,3,crop
1344,F,342,26,4,watermark
1345,F,446,3,5,watermark
1346,F,456,4,5,crop
1347,C,360,21,2,resize
1348,F,449,29,2,crop
1349,B,135,1,5,crop
1350,G,448,16,2,crop
1351,B,183,8,5,watermark
1352,G,434,19,3,compress
1353,F,134,30,5,watermark
1354,F,232,20,3,transcode
1355,G,124,25,3,transcode
1356,D,370,1,3,watermark
1357,F,288,6,1,policy_check
1358,G,337,29,2,watermark
1359,B,60,19,5,policy_check
1360,F,480,23,4,crop
1361,G,329,14,2,thumbnail
1362,D,4,12,5,compress
1363,A,95,11,5,resize
1364,F,114,14,5,thumbnail
1365,G,49,14,3,policy_check
1366,G,85,30,2,crop
1367,F,388,14,3,watermark
1368,B,231,30,1,thumbnail
1369,H,360,28,2,resize
1370,D,327,9,1,resize
1371,C,70,2,5,resize
1372,E,13,1,2,transcode
1373,A,493,18,5,policy_check
1374,H,311,25,3,compress
1375,B,292,26,3,watermark
1376,A,358,26,1,crop
1377,H,136,14,5,crop
1378,F,275,24,3,policy_check
1379,G,47,20,1,watermark
1380,B,67,18,1,thumbnail
1381,B,65,3,1,crop
1382,D,468,22,1,watermark
1383,H,209,6,3,transcode
1384,C,155,30,5,thumbnail
1385,D,403,30,4,crop
1386,F,368,20,4,compress
1387,H,335,10,1,compress
1388,G,256,23,4,resize
1389,F,299,10,3,transcode
1390,F,456,1,4,resize
1391,H,17,14,4,crop
1392,B,406,8,1,thumbnail
1393,D,354,2,1,thumbnail
1394,F,131,8,2,compress
1395,A,63,4,3,thumbnail
1396,D,354,1,5,watermark
1397,E,312,15,5,thumbnail
1398,D,371,29,4,compress
1399,A,270,2,4,thumbnail
1400,D,475,20,2,watermark
1401,B,259,20,1,compress
1402,G,431,3,4,compress
1403,D,332,9,2,crop
1404,F,493,19,1,compress
1405,H,125,24,4,transcode
1406,B,422,9,4,thumbnail
1407,G,107,20,4,resize
1408,F,354,19,5,compress
1409,G,311,13,1,crop
1410,F,293,12,3,thumbnail
1411,H,296,16,1,crop
1412,F,87,5,2,thumbnail
1413,G,341,6,4,resize
1414,D,433,24,5,watermark
1415,C,93,13,1,thumbnail
1416,F,71,23,1,thumbnail
1417,G,282,26,1,thumbnail
1418,E,120,30,5,thumbnail
1419,A,49,4,1,policy_check
1420,C,209,20,1,crop
1421,G,398,11,3,policy_check
1422,F,293,16,4,watermark
1423,E,138,2,1,crop
1424,D,483,5,2,transcode
1425,H,27,28,3,transcode
1426,H,444,13,3,crop
1427,F,200,13,4,watermark
1428,A,26,23,5,crop
1429,H,465,30,5,transcode
1430,C,329,13,1,watermark
1431,E,494,6,2,policy_check
1432,D,234,14,3,policy_check
1433,H,452,6,2,compress
1434,D,173,20,1,thumbnail
1435,B,255,16,3,policy_check
1436,C,153,7,5,thumbnail
1437,A,461,29,5,crop
1438,G,466,11,1,thumbnail
1439,C,224,8,2,resize
1440,D,491,2,4,compress
1441,A,452,3,1,crop
1442,D,82,24,1,thumbnail
1443,C,261,18,2,thumbnail
1444,E,353,7,2,watermark
1445,B,331,4,2,resize
1446,E,49,4,2,thumbnail
1447,D,141,18,1,policy_check
1448,B,415,21,3,crop
1449,A,238,16,1,transcode
1450,G,44,19,2,watermark
1451,G,209,3,2,thumbnail
1452,H,95,28,2,transcode
1453,B,105,6,3,transcode
1454,G,452,17,3,resize
1455,F,45,8,2,crop
1456,H,484,16,1,thumbnail
1457,E,103,10,5,crop
1458,C,140,29,1,crop
1459,E,404,24,3,transcode
1460,B,125,6,4,crop
1461,D,297,24,5,watermark
1462,F,309,24,4,thumbnail
1463,B,24,13,1,watermark
1464,C,29,22,3,compress
1465,F,19,22,4,crop
1466,B,414,14,4,watermark
1467,C,1,17,3,transcode
1468,F,368,11,1,resize
1469,C,163,14,3,transcode
1470,A,141,18,5,crop
1471,D,433,27,3,thumbnail
1472,C,65,8,5,compress
1473,H,98,3,2,compress
1474,E,246,14,5,transcode
1475,G,241,8,4,crop
1476,F,443,27,5,thumbnail
1477,B,265,11,1,policy_check
1478,G,312,8,5,thumbnail
1479,D,410,20,1,thumbnail
1480,B,116,15,4,crop
1481,D,362,28,4,watermark
1482,B,263,24,2,thumbnail
1483,E,359,16,5,compress
1484,H,478,5,1,crop
1485,E,296,14,3,compress
1486,A,156,18,4,transcode
1487,E,106,20,2,policy_check
1488,G,39,8,4,watermark
1489,C,451,24,2,compress
1490,G,383,29,1,resize
1491,H,9,10,2,watermark
1492,G,10,29,1,watermark
1493,G,90,12,3,resize
1494,A,167,7,1,policy_check
1495,D,192,6,5,watermark
1496,F,173,24,3,resize
1497,D,73,9,2,thumbnail
1498,G,271,10,1,resize
1499,F,128,9,1,thumbnail
1500,F,224,1,2,transcode
1501,D,122,15,2,policy_check
1502,A,4,15,4,watermark
1503,D,122,25,3,crop
1504,A,268,4,2,thumbnail
1505,H,486,4,1,crop
1506,A,359,4,1,crop
1507,F,125,7,3,compress
1508,E,477,20,4,compress
1509,A,165,2,3,policy_check
1510,H,440,10,1,policy_check
1511,C,188,21,2,watermark
1512,D,64,8,5,thumbnail
1513,A,121,20,3,watermark
1514,C,188,6,4,crop
1515,F,60,23,4,watermark
1516,B,12,30,2,resize
1517,B,448,22,3,watermark
1518,G,248,21,2,watermark
1519,D,83,30,1,resize
1520,B,100,6,4,crop
1521,B,378,11,4,policy_check
1522,B,13,7,5,compress
1523,E,47,29,3,transcode
1524,F,79,20,5,policy_check
1525,B,485,5,1,thumbnail
1526,H,236,13,5,policy_check
1527,G,344,28,3,compress
1528,H,490,29,4,compress
1529,D,283,6,5,policy_check
1530,G,307,30,5,compress
1531,H,133,20,3,crop
1532,B,214,24,4,crop
1533,E,49,23,3,watermark
1534,F,194,21,4,watermark
1535,D,187,12,1,watermark
1536,A,70,21,4,transcode
1537,A,13,9,5,policy_check
1538,E,353,22,2,policy_check
1539,D,223,2,5,crop
1540,C,274,21,3,policy_check
1541,B,191,28,5,compress
1542,E,223,9,3,policy_check
1543,G,405,16,4,watermark
1544,C,141,30,5,watermark
1545,A,145,1,1,policy_check
1546,G,452,7,5,resize
1547,F,94,17,2,policy_check
1548,B,454,22,2,compress
1549,G,371,30,3,policy_check
1550,C,73,16,4,policy_check
1551,C,58,24,3,watermark
1552,E,35,6,5,watermark
1553,B,330,4,5,resize
1554,C,317,30,5,policy_check
1555,E,407,8,1,policy_check
1556,F,5,20,2,watermark
1557,B,44,16,3,compress
1558,A,377,8,5,watermark
1559,B,486,24,5,transcode
1560,G,16,26,5,crop
1561,E,137,7,2,transcode
1562,B,400,13,3,resize
1563,C,209,7,5,policy_check
1564,H,145,16,5,crop
1565,F,430,9,4,crop
1566,D,432,20,3,thumbnail
1567,C,407,8,4,policy_check
1568,E,343,15,1,watermark
1569,G,419,27,3,crop
1570,C,72,17,3,resize
1571,F,200,29,5,resize
1572,B,112,8,5,watermark
1573,D,497,2,5,crop
1574,F,11,7,1,resize
1575,F,226,10,3,compress
1576,A,10,14,1,policy_check
1577,C,444,4,5,policy_check
1578,G,141,17,3,resize
1579,A,455,26,2,watermark
1580,F,455,5,5,compress
1581,D,50,11,4,transcode
1582,A,24,10,5,resize
1583,C,246,24,4,policy_check
1584,E,425,25,1,thumbnail
1585,H,393,13,5,thumbnail
1586,H,340,19,4,watermark
1587,F,122,6,1,crop
1588,C,497,18,3,watermark
1589,G,232,16,1,policy_check
1590,A,89,22,2,transcode
1591,A,351,22,1,compress
1592,F,23,26,3,thumbnail
1593,H,252,22,1,policy_check
1594,F,463,5,1,watermark
1595,A,124,27,1,policy_check
1596,G,90,11,5,resize
1597,G,355,9,4,resize
1598,G,94,21,3,thumbnail
1599,D,475,13,1,crop
1600,E,371,30,4,resize
1601,E,96,15,1,compress
1602,A,19,26,2,transcode
1603,E,275,26,4,crop
1604,A,256,1,4,crop
1605,F,296,16,1,transcode
1606,H,61,24,2,resize
1607,E,499,7,1,transcode
1608,H,106,12,4,watermark
1609,A,171,3,1,resize
1610,E,203,8,1,compress
1611,E,220,22,5,transcode
1612,F,312,9,1,resize
1613,B,188,20,4,resize
1614,F,229,28,2,watermark
1615,B,484,25,1,thumbnail
1616,F,321,30,2,compress
1617,C,259,25,3,policy_check
1618,F,77,24,1,thumbnail
1619,G,259,24,1,crop
1620,D,78,10,3,transcode
1621,H,355,20,2,thumbnail
1622,E,70,2,2,transcode
1623,B,58,8,4,thumbnail
1624,F,435,26,2,thumbnail
1625,F,343,13,4,compress
1626,B,123,25,2,transcode
1627,C,116,17,4,resize
1628,E,479,3,4,watermark
1629,A,437,16,1,policy_check
1630,B,389,24,4,thumbnail
1631,E,128,22,3,compress
1632,A,161,8,4,transcode
1633,E,147,13,2,compress
1634,D,364,28,1,policy_check
1635,B,172,6,4,compress
1636,F,79,1,4,watermark
1637,F,111,20,4,transcode
1638,E,56,13,3,thumbnail
1639,H,300,30,4,resize
1640,G,86,11,4,thumbnail
1641,H,209,9,4,resize
1642,F,201,3,4,transcode
1643,H,438,12,1,watermark
1644,B,15,3,3,compress
1645,C,247,3,5,watermark
1646,C,331,13,3,crop
1647,A,41,12,2,watermark
1648,G,337,27,1,resize
1649,G,367,16,5,transcode
1650,F,216,30,4,thumbnail
1651,B,457,11,5,thumbnail
1652,D,435,17,1,transcode
1653,D,464,14,4,watermark
1654,G,138,13,2,transcode
1655,F,354,10,2,thumbnail
1656,H,499,7,1,watermark
1657,D,319,16,1,resize
1658,D,496,6,1,thumbnail
1659,C,209,23,3,transcode
1660,G,363,5,4,transcode
1661,C,446,6,5,watermark
1662,D,32,29,2,resize
1663,A,444,1,4,watermark
1664,F,497,30,3,resize
1665,G,56,28,4,thumbnail
1666,E,126,13,3,crop
1667,C,227,27,1,transcode
1668,C,7,6,2,watermark
1669,H,401,1,4,crop
1670,G,326,12,2,compress
1671,F,161,1,2,resize
1672,C,402,16,1,policy_check
1673,G,288,1,4,watermark
1674,D,485,2,1,watermark
1675,C,56,6,3,transcode
1676,A,48,8,4,resize
1677,B,379,2,2,transcode
1678,G,60,6,2,crop
1679,F,51,9,2,policy_check
1680,F,92,4,2,thumbnail
1681,H,425,17,1,crop
1682,A,86,19,3,resize
1683,H,367,20,1,policy_check
1684,D,123,22,3,transcode
1685,G,397,12,4,transcode
1686,E,101,3,5,transcode
1687,G,189,13,2,crop
1688,F,175,12,2,transcode
1689,B,371,23,2,crop
1690,F,179,10,3,transcode
1691,B,21,8,2,crop
1692,B,207,14,2,compress
1693,B,246,29,5,crop
1694,E,276,10,2,thumbnail
1695,B,222,10,1,crop
1696,C,74,15,1,thumbnail
1697,B,200,23,1,watermark
1698,C,345,16,1,crop
1699,B,201,19,3,policy_check
1700,E,481,29,3,resize
1701,D,332,18,5,thumbnail
1702,D,381,25,3,policy_check
1703,D,426,15,4,policy_check
1704,C,329,21,5,compress
1705,G,53,18,5,transcode
1706,G,457,1,3,policy_check
1707,C,405,7,3,compress
1708,F,456,28,5,policy_check
1709,F,173,10,1,crop
1710,A,153,1,4,crop
1711,F,433,13,2,resize
1712,C,488,16,2,transcode
1713,F,207,28,1,thumbnail
1714,F,237,13,3,resize
1715,D,346,15,3,thumbnail
1716,C,433,28,1,watermark
1717,G,499,3,1,compress
1718,D,3,26,4,watermark
1719,E,312,27,4,watermark
1720,F,301,23,5,policy_check
1721,H,438,17,3,policy_check
1722,D,337,29,2,compress
1723,C,391,11,5,thumbnail
1724,A,172,4,2,compress
1725,H,86,2,4,policy_check
1726,F,141,8,3,policy_check
1727,D,161,18,1,thumbnail
1728,D,109,9,1,resize
1729,F,116,16,1,thumbnail
1730,H,432,10,5,watermark
1731,B,17,15,4,crop
1732,D,334,15,1,compress
1733,G,403,27,4,thumbnail
1734,B,41,27,2,crop
1735,C,21,21,5,transcode
1736,D,379,9,4,transcode
1737,D,433,12,1,watermark
1738,B,432,12,2,compress
1739,B,343,3,2,transcode
1740,A,79,5,3,compress
1741,A,34,14,1,crop
1742,C,61,5,3,crop
1743,B,194,29,5,thumbnail
1744,D,87,2,3,watermark
1745,A,301,6,4,policy_check
1746,H,387,23,2,compress
1747,C,293,6,1,thumbnail
1748,H,212,18,3,thumbnail
1749,B,456,28,4,watermark
1750,G,353,19,2,transcode
1751,D,178,17,1,thumbnail
1752,H,352,6,4,policy_check
1753,H,416,6,5,transcode
1754,H,151,28,2,compress
1755,H,140,16,4,policy_check
1756,C,319,24,1,resize
1757,D,198,24,1,compress
1758,B,63,28,3,crop
1759,F,404,7,4,watermark
1760,H,78,26,5,compress
1761,F,447,4,5,compress
1762,B,464,28,4,watermark
1763,B,2,21,2,thumbnail
1764,B,411,5,5,transcode
1765,D,210,28,1,transcode
1766,D,477,22,1,thumbnail
1767,E,217,17,4,crop
1768,B,394,18,3,crop
1769,D,167,21,2,transcode
1770,E,188,21,1,thumbnail
1771,B,171,17,2,thumbnail
1772,H,10,20,5,crop
1773,F,232,13,1,policy_check
1774,G,347,8,3,thumbnail
1775,E,171,28,1,policy_check
1776,B,120,15,3,policy_check
1777,E,198,12,1,crop
1778,B,203,21,5,crop
1779,A,10,25,3,thumbnail
1780,H,138,9,4,policy_check
1781,H,78,18,1,crop
1782,B,328,21,1,transcode
1783,E,272,13,2,transcode
1784,A,165,19,3,watermark
1785,G,116,10,5,crop
1786,F,497,21,2,transcode
1787,E,393,16,4,policy_check
1788,A,356,28,2,crop
1789,H,180,14,1,resize
1790,D,135,16,3,resize
1791,A,446,26,3,resize
1792,A,469,9,5,compress
1793,F,0,17,5,compress
1794,C,300,16,2,thumbnail
1795,G,0,23,5,crop
1796,E,355,4,4,thumbnail
1797,C,376,9,4,watermark
1798,F,129,12,3,transcode
1799,F,117,17,5,watermark
1800,A,300,22,5,policy_check
1801,A,123,9,1,watermark
1802,G,341,19,3,policy_check
1803,A,93,11,3,watermark
1804,D,260,7,3,policy_check
1805,A,122,18,3,thumbnail
1806,G,147,9,3,policy_check
1807,C,145,4,4,transcode
1808,G,29,29,2,policy_check
1809,F,52,21,4,transcode
1810,H,497,1,4,resize
1811,C,6,29,3,crop
1812,C,100,10,2,resize
1813,B,234,20,1,transcode
1814,A,134,10,5,crop
1815,F,9,3,1,policy_check
1816,E,355,13,5,policy_check
1817,C,93,23,4,thumbnail
1818,B,222,8,1,policy_check
1819,A,440,14,1,watermark
1820,G,459,9,4,crop
1821,E,162,11,1,policy_check
1822,H,203,6,3,policy_check
1823,E,115,17,4,resize
1824,G,168,23,1,watermark
1825,E,432,16,4,resize
1826,B,203,6,4,crop
1827,D,369,22,5,resize
1828,D,95,10,1,crop
1829,D,155,29,4,watermark
1830,A,112,14,3,watermark
1831,D,449,20,4,crop
1832,G,440,5,3,transcode
1833,G,496,23,1,resize
1834,D,383,30,5,policy_check
1835,B,4,10,2,compress
1836,E,358,20,4,watermark
1837,E,463,28,5,policy_check
1838,B,283,7,4,transcode
1839,A,326,17,3,transcode
1840,A,15,3,1,resize
1841,E,48,6,3,compress
1842,D,286,30,4,crop
1843,F,325,12,5,resize
1844,F,494,4,5,policy_check
1845,G,118,17,3,policy_check
1846,E,123,29,1,transcode
1847,B,106,2,5,policy_check
1848,F,110,27,2,compress
1849,H,293,22,3,policy_check
1850,G,446,23,3,watermark
1851,E,455,4,5,thumbnail
1852,E,154,4,4,thumbnail
1853,D,390,3,5,transcode
1854,F,338,16,3,resize
1855,C,340,15,4,watermark
1856,C,99,28,4,compress
1857,C,427,15,3,compress
1858,C,252,5,1,compress
1859,D,455,14,1,watermark
1860,H,151,7,5,resize
1861,D,127,10,1,crop
1862,E,381,18,5,watermark
1863,B,359,24,1,resize
1864,B,168,5,5,compress
1865,C,287,3,1,crop
1866,G,108,21,1,transcode
1867,B,140,23,5,resize
1868,F,92,29,5,compress
1869,F,421,11,4,crop
1870,D,29,17,1,resize
1871,G,259,26,3,watermark
1872,A,192,11,2,transcode
1873,A,223,28,4,compress
1874,H,420,9,2,compress
1875,G,163,25,1,policy_check
1876,A,225,29,5,policy_check
1877,A,251,27,4,resize
1878,G,85,29,5,crop
1879,B,191,28,5,resize
1880,B,118,17,4,thumbnail
1881,G,11,6,2,watermark
1882,C,483,27,4,transcode
1883,A,10,19,2,watermark
1884,C,177,14,5,transcode
1885,A,299,13,1,watermark
1886,E,456,9,1,resize
1887,C,199,18,2,resize
1888,G,221,11,4,resize
1889,F,122,22,5,watermark
1890,D,8,1,3,policy_check
1891,D,309,2,5,thumbnail
1892,D,145,22,3,watermark
1893,G,390,12,3,watermark
1894,C,117,20,1,resize
1895,D,369,26,1,resize
1896,D,434,21,4,resize
1897,H,216,16,1,thumbnail
1898,B,406,19,1,crop
1899,C,58,8,3,thumbnail
1900,E,121,19,1,transcode
1901,B,103,1,2,resize
1902,H,36,15,5,thumbnail
1903,C,368,21,4,compress
1904,H,287,1,2,resize
1905,E,409,5,2,watermark
1906,H,58,13,5,crop
1907,C,89,29,4,crop
1908,G,98,20,4,thumbnail
1909,A,194,22,5,compress
1910,G,442,4,2,thumbnail
1911,A,208,4,4,compress
1912,B,14,13,1,policy_check
1913,F,5,6,5,resize
1914,C,167,4,5,transcode
1915,A,181,14,2,crop
1916,G,343,5,2,thumbnail
1917,D,96,16,3,thumbnail
1918,G,6,23,4,policy_check
1919,C,447,14,2,transcode
1920,G,112,19,1,compress
1921,A,415,15,3,thumbnail
1922,G,26,15,1,compress
1923,G,457,4,2,thumbnail
1924,B,403,10,1,resize
1925,C,212,5,3,policy_check
1926,C,290,28,2,crop
1927,G,135,14,5,thumbnail
1928,F,396,23,4,compress
1929,D,495,2,5,transcode
1930,A,439,17,4,compress
1931,B,402,17,1,transcode
1932,E,469,29,3,crop
1933,A,18,3,5,transcode
1934,E,280,5,5,policy_check
1935,A,314,8,2,compress
1936,F,5,1,5,compress
1937,C,391,9,3,thumbnail
1938,F,47,29,1,resize
1939,C,92,22,1,resize
1940,H,139,10,3,transcode
1941,F,228,12,4,policy_check
1942,B,52,1,4,watermark
1943,B,265,14,2,compress
1944,A,130,4,3,thumbnail
1945,H,234,1,1,crop
1946,G,411,25,1,policy_check
1947,F,50,9,1,resize
1948,D,252,20,2,resize
1949,F,174,13,1,policy_check
1950,B,125,30,4,compress
1951,A,184,11,4,compress
1952,A,186,30,1,compress
1953,D,12,20,1,compress
1954,E,274,24,1,thumbnail
1955,B,143,2,5,resize
1956,D,237,16,4,transcode
1957,C,188,27,2,compress
1958,C,409,27,1,crop
1959,F,161,20,2,transcode
1960,E,473,18,1,thumbnail
1961,H,69,29,5,compress
1962,C,352,4,1,crop
1963,E,91,3,5,policy_check
1964,E,303,30,1,watermark
1965,G,265,22,3,watermark
1966,G,419,5,3,policy_check
1967,A,342,18,3,resize
1968,B,466,27,1,thumbnail
1969,D,290,20,2,watermark
1970,B,477,22,3,watermark
1971,D,486,10,3,resize
1972,B,408,16,1,thumbnail
1973,A,269,14,1,compress
1974,D,350,5,4,thumbnail
1975,A,350,4,4,resize
1976,A,6,9,1,watermark
1977,H,394,25,5,policy_check
1978,F,165,25,3,policy_check
1979,G,362,5,4,compress
1980,B,258,10,5,resize
1981,F,96,13,5,crop
1982,A,53,19,1,compress
1983,C,239,24,1,crop
1984,F,46,22,4,transcode
1985,E,114,23,1,crop
1986,F,305,16,2,thumbnail
1987,F,218,8,3,transcode
1988,A,423,9,2,compress
1989,F,193,13,4,resize
1990,C,387,21,5,policy_check
1991,H,166,17,3,policy_check
1992,H,418,21,1,watermark
1993,E,49,21,3,transcode
1994,F,428,7,3,policy_check
1995,B,406,29,3,compress
1996,B,145,22,1,watermark
1997,G,373,21,3,resize
1998,C,51,18,3,resize
1999,H,74,30,5,resize
2000,C,168,20,1,compress
2001,F,93,29,3,thumbnail
2002,C,64,21,4,thumbnail
2003,F,73,17,4,watermark
2004,G,357,7,1,thumbnail
2005,B,103,16,5,policy_check
2006,B,172,15,3,thumbnail
2007,C,18,27,2,resize
2008,E,422,17,4,compress
2009,F,417,12,4,crop
2010,A,486,11,4,transcode
2011,C,234,25,5,watermark
2012,G,33,9,4,thumbnail
2013,G,305,27,2,compress
2014,D,247,20,5,crop
2015,C,164,4,4,compress
2016,H,350,17,5,resize
2017,H,436,3,3,policy_check
2018,H,73,19,2,transcode
2019,F,437,6,5,thumbnail
2020,D,439,19,4,policy_check
2021,F,97,26,5,transcode
2022,C,212,26,3,policy_check
2023,C,77,13,1,thumbnail
2024,A,357,16,2,thumbnail
2025,A,319,6,4,compress
2026,F,36,15,5,policy_check
2027,F,195,5,4,watermark
2028,A,329,14,5,compress
2029,E,25,2,2,transcode
2030,C,176,21,4,transcode
2031,F,251,11,2,crop
2032,D,208,23,4,watermark
2033,H,117,26,5,compress
2034,B,268,1,4,watermark
2035,C,281,17,1,resize
2036,B,132,24,5,watermark
2037,E,326,20,4,resize
2038,C,177,30,2,policy_check
2039,G,315,21,1,compress
2040,H,169,25,2,resize
2041,B,245,7,5,watermark
2042,D,78,12,4,thumbnail
2043,C,400,24,2,watermark
2044,E,117,4,4,policy_check
2045,B,272,22,1,policy_check
2046,H,350,24,5,transcode
2047,F,227,13,2,crop
2048,E,6,18,3,resize
2049,G,407,10,1,policy_check
2050,H,364,19,2,crop
2051,A,199,20,1,crop
2052,B,175,18,5,policy_check
2053,H,373,7,4,policy_check
2054,E,446,30,3,crop
2055,G,406,4,3,crop
2056,B,404,5,1,resize
2057,B,444,16,2,compress
2058,G,175,7,2,watermark
2059,E,116,8,2,compress
2060,E,323,6,5,resize
2061,E,292,17,4,crop
2062,H,76,17,3,crop
2063,E,132,22,1,thumbnail
2064,A,334,20,3,policy_check
2065,H,90,8,2,compress
2066,D,147,8,4,policy_check
2067,G,1,10,4,resize
2068,E,13,15,5,transcode
2069,A,132,2,2,watermark
2070,C,196,18,4,thumbnail
2071,G,482,8,3,policy_check
2072,F,485,14,4,watermark
2073,E,21,8,3,resize
2074,A,10,12,4,transcode
2075,B,102,10,1,crop
2076,B,68,20,1,crop
2077,G,227,30,4,watermark
2078,A,4,22,1,compress
2079,G,191,24,4,crop
2080,H,361,14,5,watermark
2081,A,180,3,2,crop
2082,F,319,12,1,compress
2083,H,367,3,4,transcode
2084,F,434,3,4,compress
2085,D,493,12,5,resize
2086,G,263,4,1,compress
2087,E,490,11,1,transcode
2088,G,128,1,3,thumbnail
2089,B,141,18,1,crop
2090,A,381,18,1,watermark
2091,E,479,3,3,policy_check
2092,H,270,23,2,transcode
2093,D,482,8,2,thumbnail
2094,E,87,28,4,watermark
2095,G,23,6,3,resize
2096,G,120,2,3,policy_check
2097,G,420,5,4,watermark
2098,G,252,14,4,resize
2099,F,416,23,3,transcode
2100,G,185,19,1,resize
2101,F,238,20,1,policy_check
2102,B,226,6,4,resize
2103,C,251,5,2,crop
2104,C,129,11,1,watermark
2105,A,398,19,5,transcode
2106,B,485,7,4,policy_check
2107,B,409,30,1,transcode
2108,B,284,21,2,transcode
2109,D,456,9,1,compress
2110,A,462,11,2,compress
2111,H,470,13,5,compress
2112,H,494,3,2,thumbnail
2113,C,486,7,1,policy_check
2114,G,185,14,5,resize
2115,A,398,23,3,policy_check
2116,D,131,2,3,crop
2117,G,243,8,4,thumbnail
2118,C,185,24,4,transcode
2119,D,339,8,2,watermark
2120,B,209,13,3,compress
2121,F,371,1,5,resize
2122,F,492,2,5,crop
2123,G,274,16,3,policy_check
2124,C,338,7,2,policy_check
2125,F,380,6,3,policy_check
2126,E,118,14,2,thumbnail
2127,B,144,5,5,thumbnail
2128,C,350,1,2,crop
2129,H,363,25,5,crop
2130,D,255,5,5,resize
2131,E,278,6,2,policy_check
2132,G,371,12,5,compress
2133,F,382,6,3,crop
2134,H,411,11,5,policy_check
2135,E,360,3,3,watermark
2136,E,107,25,4,resize
2137,C,122,13,1,watermark
2138,G,177,10,4,crop
2139,A,354,24,4,watermark
2140,A,88,8,4,policy_check
2141,F,240,25,1,thumbnail
2142,G,431,6,5,crop
2143,F,349,27,3,policy_check
2144,D,23,19,4,crop
2145,D,412,20,4,resize
2146,C,248,28,1,transcode
2147,H,283,16,1,policy_check
2148,C,439,11,2,resize
2149,F,331,3,5,compress
2150,G,215,20,2,policy_check
2151,B,101,9,3,thumbnail
2152,H,491,29,3,transcode
2153,H,68,5,5,compress
2154,H,385,14,2,crop
2155,G,385,12,3,compress
2156,G,55,16,5,thumbnail
2157,G,425,5,2,transcode
2158,D,440,15,4,crop
2159,H,431,26,1,thumbnail
2160,G,208,27,2,compress
2161,E,5,5,3,policy_check
2162,B,17,13,2,watermark
2163,A,233,8,4,watermark
2164,H,88,23,1,crop
2165,C,306,11,3,thumbnail
2166,A,189,7,1,thumbnail
2167,F,212,18,3,watermark
2168,C,291,24,3,resize
2169,E,305,27,1,crop
2170,B,380,20,5,resize
2171,F,201,14,1,policy_check
2172,F,127,27,3,compress
2173,H,8,7,5,compress
2174,C,250,30,3,watermark
2175,C,193,8,2,transcode
2176,A,299,23,5,watermark
2177,H,243,21,3,resize
2178,C,481,7,3,thumbnail
2179,C,240,9,2,resize
2180,B,408,15,2,resize
2181,E,231,26,4,transcode
2182,C,287,29,4,compress
2183,G,333,14,3,transcode
2184,C,5,2,3,crop
2185,A,33,27,3,policy_check
2186,A,404,17,2,watermark
2187,B,255,4,4,compress
2188,D,22,5,1,thumbnail
2189,D,118,2,4,watermark
2190,H,164,11,4,transcode
2191,A,302,6,5,transcode
2192,A,170,14,5,resize
2193,G,207,8,5,transcode
2194,E,280,13,2,transcode
2195,A,219,14,1,crop
2196,G,234,19,3,compress
2197,H,439,9,2,thumbnail
2198,G,304,15,3,transcode
2199,B,65,24,3,watermark
2200,F,20,25,2,watermark
2201,E,396,17,5,compress
2202,C,327,15,2,resize
2203,F,493,9,4,crop
2204,A,272,26,3,policy_check
2205,B,186,22,4,watermark
2206,B,92,18,3,transcode
2207,C,174,26,5,crop
2208,F,252,27,3,thumbnail
2209,H,441,15,2,resize
2210,E,488,30,2,thumbnail
2211,A,409,19,4,compress
2212,F,318,11,4,policy_check
2213,A,428,18,5,transcode
2214,D,227,6,2,transcode
2215,A,360,13,3,thumbnail
2216,B,242,2,2,policy_check
2217,E,415,2,1,compress
2218,D,346,4,4,transcode
2219,C,15,10,5,transcode
2220,B,80,17,3,transcode
2221,D,146,11,4,watermark
2222,G,348,18,3,resize
2223,E,369,15,1,crop
2224,D,471,8,3,compress
2225,F,186,21,3,policy_check
2226,D,103,23,4,transcode
2227,C,237,21,2,transcode
2228,E,121,29,5,crop
2229,B,294,21,3,watermark
2230,A,177,16,2,watermark
2231,D,412,15,5,crop
2232,F,207,22,4,resize
2233,B,323,16,4,compress
2234,H,380,30,1,resize
2235,E,428,20,5,resize
2236,D,189,28,4,transcode
2237,H,173,15,4,thumbnail
2238,F,277,4,2,policy_check
2239,G,176,3,5,compress
2240,H,136,11,5,watermark
2241,H,359,4,5,policy_check
2242,B,155,5,3,thumbnail
2243,D,344,17,3,thumbnail
2244,B,309,27,1,policy_check
2245,A,51,21,2,watermark
2246,F,331,2,1,policy_check
2247,G,146,21,5,resize
2248,H,189,24,4,resize
2249,D,257,20,3,crop
2250,F,193,17,3,transcode
2251,G,453,17,1,transcode
2252,F,346,13,2,thumbnail
2253,G,11,13,5,transcode
2254,B,252,19,1,thumbnail
2255,E,275,25,5,transcode
2256,F,175,24,2,crop
2257,A,53,7,5,thumbnail
2258,E,463,27,3,transcode
2259,F,289,18,2,compress
2260,E,402,27,3,compress
2261,G,339,18,3,crop
2262,G,185,6,2,policy_check
2263,F,229,21,2,policy_check
2264,E,186,4,1,resize
2265,C,481,1,1,watermark
2266,E,291,16,4,policy_check
2267,B,249,20,4,watermark
2268,D,227,4,4,thumbnail
2269,B,216,28,1,resize
2270,H,336,6,3,crop
2271,F,101,25,4,resize
2272,E,199,30,5,resize
2273,H,453,21,3,thumbnail
2274,E,185,1,4,policy_check
2275,H,98,22,2,compress
2276,A,122,3,1,crop
2277,A,71,15,1,policy_check
2278,E,194,7,2,transcode
2279,E,338,24,2,thumbnail
2280,A,213,25,3,thumbnail
2281,H,97,19,3,policy_check
2282,C,374,24,1,compress
2283,A,283,30,3,resize
2284,F,247,17,2,watermark
2285,D,239,27,4,policy_check
2286,F,448,25,1,thumbnail
2287,F,483,10,4,resize
2288,A,468,12,3,crop
2289,C,306,10,3,watermark
2290,F,431,22,4,compress
2291,E,448,14,2,compress
2292,D,169,17,3,transcode
2293,D,494,12,1,compress
2294,E,410,8,5,watermark
2295,D,393,11,4,watermark
2296,B,268,2,4,compress
2297,F,410,30,1,watermark
2298,G,281,13,1,policy_check
2299,B,413,26,4,crop
2300,A,189,29,1,crop
2301,C,107,19,4,policy_check
2302,F,15,14,2,thumbnail
2303,B,297,20,3,crop
2304,A,378,18,3,watermark
2305,G,458,4,4,crop
2306,B,223,10,2,compress
2307,B,187,26,2,transcode
2308,A,329,7,4,thumbnail
2309,E,20,10,3,transcode
2310,A,326,16,3,crop
2311,D,204,8,3,transcode
2312,G,51,10,5,compress
2313,G,250,21,1,crop
2314,B,315,4,3,watermark
2315,E,294,28,1,compress
2316,D,135,19,1,resize
2317,G,332,19,1,watermark
2318,D,330,8,3,transcode
2319,A,47,4,2,thumbnail
2320,D,482,1,2,thumbnail
2321,C,413,13,3,resize
2322,C,181,18,1,compress
2323,B,342,7,5,crop
2324,A,168,24,2,transcode
2325,F,357,30,4,thumbnail
2326,B,440,21,3,watermark
2327,F,301,6,5,watermark
2328,B,337,5,4,crop
2329,F,366,8,5,policy_check
2330,B,338,12,3,policy_check
2331,A,412,28,1,transcode
2332,E,204,27,4,thumbnail
2333,A,255,7,4,policy_check
2334,D,156,21,5,thumbnail
2335,F,409,15,3,crop
2336,H,409,22,4,resize
2337,H,163,28,4,compress
2338,C,467,21,2,crop
2339,F,216,23,1,watermark
2340,F,246,25,1,watermark
2341,F,419,23,3,compress
2342,D,0,27,1,compress
2343,A,27,3,5,thumbnail
2344,C,112,26,2,resize
2345,C,291,9,2,transcode
2346,E,153,18,3,watermark
2347,C,355,21,2,compress
2348,B,139,5,5,compress
2349,F,22,11,1,watermark
2350,C,159,17,5,transcode
2351,B,391,28,3,compress
2352,G,267,7,1,resize
2353,G,56,15,3,thumbnail
2354,G,404,17,1,thumbnail
2355,B,134,8,5,transcode
2356,F,227,13,2,thumbnail
2357,B,447,16,1,crop
2358,A,214,16,4,watermark
2359,E,47,23,1,thumbnail
2360,E,341,24,1,watermark
2361,G,224,10,5,resize
2362,B,43,30,2,watermark
2363,H,150,6,5,watermark
2364,C,16,22,2,resize
2365,F,452,7,2,resize
2366,F,337,12,3,policy_check
2367,B,227,8,2,policy_check
2368,F,166,11,5,transcode
2369,H,14,4,4,thumbnail
2370,E,66,7,4,transcode
2371,C,125,28,2,thumbnail
2372,C,447,8,5,policy_check
2373,F,38,20,3,crop
2374,A,474,12,4,compress
2375,F,77,27,4,transcode
2376,H,188,17,4,watermark
2377,D,220,11,1,crop
2378,H,334,30,2,watermark
2379,D,228,20,5,compress
2380,F,96,10,4,crop
2381,E,196,4,4,watermark
2382,E,92,20,3,thumbnail
2383,G,144,7,1,watermark
2384,G,69,19,5,compress
2385,B,209,8,4,resize
2386,B,440,23,5,watermark
2387,D,492,25,5,thumbnail
2388,H,53,29,5,thumbnail
2389,D,171,5,1,compress
2390,A,302,3,1,watermark
2391,E,15,9,2,compress
2392,A,415,16,5,thumbnail
2393,A,453,5,4,policy_check
2394,G,139,7,3,policy_check
2395,B,86,29,3,compress
2396,F,166,6,5,policy_check
2397,E,101,10,3,thumbnail
2398,H,141,12,3,crop
2399,E,88,29,3,thumbnail
2400,A,149,18,1,resize
2401,B,215,24,4,policy_check
2402,E,90,10,3,transcode
2403,F,28,29,1,watermark
2404,D,63,17,1,resize
2405,G,146,12,5,policy_check
2406,F,219,26,2,resize
2407,B,11,22,2,policy_check
2408,F,452,10,2,watermark
2409,F,233,24,4,policy_check
2410,C,386,22,4,resize
2411,A,395,25,4,thumbnail
2412,G,227,18,4,crop
2413,E,431,14,1,watermark
2414,F,465,25,4,watermark
2415,C,46,14,1,compress
2416,B,108,1,1,transcode
2417,E,461,3,4,crop
2418,H,488,3,1,thumbnail
2419,C,411,29,2,resize
2420,D,370,25,1,watermark
2421,D,170,13,1,crop
2422,E,198,16,2,compress
2423,B,2,17,1,thumbnail
2424,B,208,17,5,thumbnail
2425,D,444,22,5,resize
2426,H,385,27,4,watermark
2427,B,112,15,4,compress
2428,F,496,29,4,policy_check
2429,D,363,1,4,crop
2430,C,152,28,3,thumbnail
2431,C,215,18,5,compress
2432,G,373,25,5,thumbnail
2433,G,435,28,1,compress
2434,C,320,11,2,policy_check
2435,G,391,1,5,compress
2436,C,256,18,2,watermark
2437,B,57,27,4,policy_check
2438,D,114,14,2,compress
2439,B,118,21,1,compress
2440,A,258,18,5,compress
2441,A,98,13,5,crop
2442,C,100,6,4,resize
2443,H,1,8,5,thumbnail
2444,A,51,25,3,thumbnail
2445,C,301,28,5,compress
2446,F,166,13,2,resize
2447,F,132,6,2,transcode
2448,B,206,19,4,transcode
2449,G,5,20,4,crop
2450,F,131,28,5,thumbnail
2451,G,397,11,1,thumbnail
2452,C,85,1,3,transcode
2453,G,424,27,3,transcode
2454,B,310,10,3,compress
2455,F,101,21,1,policy_check
2456,E,175,30,5,thumbnail
2457,C,73,2,3,policy_check
2458,E,19,4,3,crop
2459,H,297,29,4,policy_check
2460,E,353,18,2,compress
2461,H,107,28,4,transcode
2462,C,126,22,1,policy_check
2463,A,329,10,2,crop
2464,E,334,28,1,thumbnail
2465,C,194,26,5,crop
2466,C,426,3,5,thumbnail
2467,C,31,16,5,resize
2468,D,267,27,5,transcode
2469,E,487,2,1,transcode
2470,F,142,18,4,compress
2471,C,119,20,5,resize
2472,C,409,4,4,thumbnail
2473,F,4,13,5,resize
2474,A,364,25,2,resize
2475,E,395,29,4,watermark
2476,E,293,2,1,transcode
2477,G,84,27,2,resize
2478,F,251,4,2,watermark
2479,E,191,7,1,watermark
2480,D,449,6,2,crop
2481,G,138,2,3,resize
2482,G,34,30,3,watermark
2483,B,195,19,5,thumbnail
2484,G,252,5,4,compress
2485,D,441,6,5,transcode
2486,B,220,5,1,compress
2487,B,364,4,1,watermark
2488,C,450,11,5,watermark
2489,H,103,29,3,crop
2490,F,283,20,2,crop
2491,G,468,10,5,crop
2492,C,351,27,4,crop
2493,C,478,21,3,resize
2494,A,447,20,2,transcode
2495,D,320,16,2,watermark
2496,G,320,14,1,watermark
2497,A,101,22,4,watermark
2498,C,273,21,5,watermark
2499,F,289,26,1,crop
2500,E,313,20,5,transcode
2501,H,266,30,2,resize
2502,A,466,11,5,watermark
2503,G,486,16,5,compress
2504,F,25,7,3,crop
2505,F,249,11,2,thumbnail
2506,E,89,21,4,watermark
2507,F,207,13,5,policy_check
2508,H,449,27,4,resize
2509,C,209,19,4,resize
2510,D,199,27,4,thumbnail
2511,H,211,29,5,crop
2512,B,482,11,4,watermark
2513,C,294,5,3,compress
2514,H,76,14,1,crop
2515,E,161,2,4,watermark
2516,E,236,9,1,policy_check
2517,F,221,27,2,watermark
2518,C,275,21,1,transcode
2519,G,267,19,5,transcode
2520,F,432,20,2,policy_check
2521,G,134,17,3,crop
2522,C,47,10,5,policy_check
2523,C,476,12,4,policy_check
2524,B,429,18,4,thumbnail
2525,A,17,13,4,resize
2526,D,171,9,5,transcode
2527,B,274,19,5,compress
2528,E,107,18,2,thumbnail
2529,F,93,17,4,policy_check
2530,E,49,20,4,policy_check
2531,A,350,13,4,thumbnail
2532,E,236,10,3,resize
2533,A,113,25,5,watermark
2534,A,52,30,1,resize
2535,E,303,26,2,transcode
2536,C,164,8,2,compress
2537,H,151,30,1,compress
2538,E,216,5,3,policy_check
2539,E,215,12,4,crop
2540,A,370,7,5,thumbnail
2541,C,418,15,5,policy_check
2542,E,260,30,4,transcode
2543,B,69,7,5,compress
2544,C,492,15,4,compress
2545,C,137,23,4,policy_check
2546,B,140,24,4,crop
2547,A,169,18,1,resize
2548,D,459,20,3,thumbnail
2549,E,426,8,4,policy_check
2550,G,487,10,3,thumbnail
2551,F,360,5,5,transcode
2552,E,280,11,1,transcode
2553,F,270,23,5,thumbnail
2554,D,19,12,1,transcode
2555,F,164,24,5,watermark
2556,D,109,11,5,policy_check
2557,H,367,10,5,thumbnail
2558,A,352,5,2,thumbnail
2559,B,11,3,4,thumbnail
2560,C,485,5,4,compress
2561,E,404,19,1,policy_check
2562,H,123,27,3,watermark
2563,F,171,9,1,transcode
2564,F,123,26,4,watermark
2565,F,386,10,5,resize
2566,B,240,29,5,compress
2567,C,124,27,1,watermark
2568,B,186,1,5,resize
2569,B,406,19,1,compress
2570,D,465,21,3,resize
2571,F,165,17,1,thumbnail
2572,F,197,15,4,policy_check
2573,H,192,13,3,resize
2574,H,386,26,5,transcode
2575,G,126,20,1,policy_check
2576,A,314,22,3,crop
2577,A,177,28,4,watermark
2578,A,336,24,3,crop
2579,F,215,15,2,compress
2580,F,85,10,3,resize
2581,F,489,18,4,policy_check
2582,D,435,28,5,transcode
2583,B,247,20,5,resize
2584,B,396,21,4,transcode
2585,H,439,12,3,thumbnail
2586,G,410,2,1,thumbnail
2587,C,395,29,1,policy_check
2588,B,175,5,3,transcode
2589,H,234,8,1,resize
2590,A,326,28,3,resize
2591,H,453,3,2,thumbnail
2592,C,248,17,2,transcode
2593,H,225,17,4,thumbnail
2594,D,125,24,4,crop
2595,C,435,8,4,thumbnail
2596,A,290,20,5,compress
2597,E,307,26,4,watermark
2598,A,272,24,5,thumbnail
2599,E,225,11,3,crop
2600,B,39,13,5,transcode
2601,F,283,25,5,watermark
2602,G,62,8,3,crop
2603,C,43,17,1,crop
2604,A,57,23,5,resize
2605,H,251,27,5,thumbnail
2606,A,83,7,1,watermark
2607,E,302,17,5,compress
2608,G,141,11,3,watermark
2609,E,413,20,3,policy_check
2610,E,354,19,3,resize
2611,D,333,28,2,transcode
2612,H,204,7,3,thumbnail
2613,A,26,11,3,transcode
2614,C,256,20,4,resize
2615,B,242,9,4,resize
2616,F,81,2,1,watermark
2617,E,281,24,4,thumbnail
2618,G,242,21,2,transcode
2619,D,25,12,5,watermark
2620,A,409,8,2,policy_check
2621,A,98,12,5,crop
2622,B,400,6,4,resize
2623,E,13,7,2,thumbnail
2624,A,380,5,1,compress
2625,A,124,28,5,resize
2626,H,179,4,4,transcode
2627,C,205,24,4,transcode
2628,D,198,26,2,policy_check
2629,E,346,7,2,resize
2630,E,97,19,1,crop
2631,B,280,5,5,compress
2632,F,434,9,2,transcode
2633,D,413,17,5,compress
2634,B,236,19,1,transcode
2635,E,5,11,4,compress
2636,G,38,30,4,policy_check
2637,C,469,17,3,crop
2638,B,72,2,3,crop
2639,E,181,10,2,watermark
2640,D,12,23,3,resize
2641,C,381,23,3,watermark
2642,G,456,11,4,compress
2643,E,113,28,4,transcode
2644,F,191,16,3,watermark
2645,C,404,19,2,policy_check
2646,F,347,30,4,watermark
2647,B,472,6,1,crop
2648,D,433,8,1,thumbnail
2649,A,357,30,4,compress
2650,F,49,17,3,policy_check
2651,D,32,23,1,compress
2652,A,295,29,1,policy_check
2653,G,311,2,1,resize
2654,B,5,5,2,policy_check
2655,H,168,9,3,thumbnail
2656,E,413,8,5,watermark
2657,D,344,21,3,compress
2658,H,321,3,3,crop
2659,C,232,14,4,resize
2660,C,354,4,1,crop
2661,B,454,28,5,watermark
2662,C,312,3,2,crop
2663,G,476,25,4,compress
2664,B,332,13,5,thumbnail
2665,C,44,23,2,transcode
2666,C,116,5,4,watermark
2667,D,221,14,5,policy_check
2668,A,62,24,2,thumbnail
2669,G,225,8,3,compress
2670,B,291,21,4,thumbnail
2671,G,100,21,2,watermark
2672,B,480,28,1,transcode
2673,E,76,16,4,policy_check
2674,G,223,11,5,compress
2675,D,444,8,1,crop
2676,G,42,18,4,watermark
2677,E,15,27,1,compress
2678,F,370,14,5,crop
2679,C,88,25,1,watermark
2680,E,205,4,5,crop
2681,A,488,19,2,resize
2682,H,294,1,5,transcode
2683,G,132,13,2,policy_check
2684,A,321,20,2,transcode
2685,A,492,25,1,watermark
2686,G,147,21,4,thumbnail
2687,F,63,19,3,resize
2688,H,52,7,3,policy_check
2689,B,403,4,2,compress
2690,D,304,22,1,watermark
2691,F,342,23,3,resize
2692,A,472,13,5,watermark
2693,G,304,16,3,policy_check
2694,E,215,24,1,thumbnail
2695,D,326,6,1,thumbnail
2696,G,388,12,1,crop
2697,F,21,26,5,compress
2698,D,235,15,4,compress
2699,G,429,6,5,crop
2700,G,174,19,3,watermark
2701,E,52,7,1,policy_check
2702,A,408,24,5,crop
2703,F,184,12,1,thumbnail
2704,E,223,20,1,compress
2705,E,251,14,1,thumbnail
2706,F,196,23,3,thumbnail
2707,F,215,22,4,thumbnail
2708,B,140,4,5,resize
2709,A,490,2,4,resize
2710,G,163,9,1,compress
2711,H,347,28,2,crop
2712,H,184,8,2,watermark
2713,D,478,24,5,transcode
2714,H,382,16,4,crop
2715,A,480,9,4,transcode
2716,D,95,14,5,transcode
2717,A,279,12,4,watermark
2718,A,435,22,3,transcode
2719,H,367,18,3,crop
2720,B,334,29,4,thumbnail
2721,A,6,8,3,thumbnail
2722,C,302,1,4,compress
2723,B,426,4,1,thumbnail
2724,E,231,25,4,watermark
2725,H,271,14,2,thumbnail
2726,D,257,19,5,compress
2727,D,287,1,4,watermark
2728,H,2,9,5,crop
2729,E,244,4,1,thumbnail
2730,G,478,18,1,policy_check
2731,B,119,6,5,transcode
2732,D,45,10,4,resize
2733,H,344,28,1,resize
2734,B,37,27,5,thumbnail
2735,D,30,23,4,policy_check
2736,D,424,3,4,compress
2737,H,472,5,4,thumbnail
2738,B,53,30,4,watermark
2739,D,44,22,4,crop
2740,C,274,21,3,policy_check
2741,E,159,15,1,policy_check
2742,D,356,11,2,resize
2743,F,265,28,5,compress
2744,A,62,8,2,transcode
2745,B,399,9,5,transcode
2746,F,468,28,1,resize
2747,H,358,15,1,crop
2748,F,253,24,3,crop
2749,A,413,10,5,compress
2750,H,74,16,5,thumbnail
2751,D,258,25,5,watermark
2752,G,15,18,2,resize
2753,E,176,25,5,policy_check
2754,E,461,15,4,watermark
2755,C,100,19,2,watermark
2756,H,217,9,2,transcode
2757,G,58,27,5,transcode
2758,H,177,26,4,transcode
2759,D,112,29,4,watermark
2760,F,238,11,4,transcode
2761,H,240,9,4,resize
2762,C,295,14,4,watermark
2763,C,445,19,4,resize
2764,E,191,3,3,crop
2765,B,257,22,2,thumbnail
2766,D,327,23,1,resize
2767,F,454,13,3,thumbnail
2768,E,251,6,4,compress
2769,G,407,26,3,watermark
2770,G,178,10,2,resize
2771,H,237,1,1,compress
2772,H,494,29,4,compress
2773,G,27,18,2,watermark
2774,E,285,1,2,crop
2775,E,452,8,1,crop
2776,H,263,3,4,compress
2777,D,46,23,3,watermark
2778,C,258,11,3,thumbnail
2779,B,199,19,2,watermark
2780,C,35,6,4,thumbnail
2781,G,119,1,1,crop
2782,B,318,9,4,policy_check
2783,F,244,26,3,crop
2784,G,494,8,3,crop
2785,C,130,26,4,watermark
2786,C,270,29,3,watermark
2787,D,45,7,4,compress
2788,C,239,21,3,compress
2789,A,96,8,2,policy_check
2790,D,76,22,1,watermark
2791,A,67,13,5,compress
2792,A,491,30,2,policy_check
2793,D,412,13,2,crop
2794,B,432,8,2,watermark
2795,B,457,27,4,thumbnail
2796,H,280,17,5,watermark
2797,E,425,26,1,transcode
2798,F,332,6,4,transcode
2799,A,240,10,4,compress
2800,D,313,11,3,transcode
2801,C,282,28,4,watermark
2802,D,32,24,3,resize
2803,H,348,5,5,compress
2804,F,332,23,2,crop
2805,B,298,13,2,policy_check
2806,F,284,12,5,thumbnail
2807,A,41,3,3,policy_check
2808,D,426,8,5,crop
2809,C,123,11,5,compress
2810,H,152,5,4,resize
2811,A,32,23,1,watermark
2812,C,253,19,3,policy_check
2813,D,97,12,2,policy_check
2814,B,363,8,5,watermark
2815,D,176,30,2,compress
2816,C,487,21,4,resize
2817,B,243,29,2,watermark
2818,G,55,1,4,thumbnail
2819,E,260,5,3,crop
2820,F,80,10,4,transcode
2821,D,219,21,4,watermark
2822,B,83,21,5,policy_check
2823,E,255,4,5,compress
2824,A,319,6,3,policy_check
2825,G,488,13,3,crop
2826,E,438,17,2,resize
2827,D,154,13,3,resize
2828,E,87,21,5,policy_check
2829,E,194,26,2,watermark
2830,C,376,28,4,policy_check
2831,D,417,8,1,resize
2832,B,326,5,3,policy_check
2833,D,276,3,2,transcode
2834,C,103,8,1,resize
2835,A,388,28,3,compress
2836,D,85,29,4,crop
2837,F,430,17,3,resize
2838,G,479,20,1,compress
2839,F,264,4,5,watermark
2840,A,288,3,2,watermark
2841,A,132,8,2,watermark
2842,C,406,21,3,resize
2843,B,43,15,3,crop
2844,A,186,1,1,crop
2845,H,492,6,5,crop
2846,F,29,9,5,watermark
2847,B,329,22,2,compress
2848,E,465,16,4,transcode
2849,B,134,6,1,compress
2850,D,325,11,2,crop
2851,C,454,1,3,policy_check
2852,G,304,13,4,compress
2853,H,33,17,3,transcode
2854,A,421,30,5,watermark
2855,E,30,18,4,watermark
2856,G,36,16,5,watermark
2857,B,384,9,4,thumbnail
2858,G,472,6,1,compress
2859,E,285,11,2,watermark
2860,A,59,4,3,watermark
2861,G,223,29,3,transcode
2862,C,241,7,2,crop
2863,C,380,13,4,resize
2864,B,293,24,4,transcode
2865,F,212,19,4,policy_check
2866,G,404,25,3,resize
2867,E,246,26,2,crop
2868,C,381,8,5,transcode
2869,H,81,1,4,policy_check
2870,E,7,4,5,crop
2871,G,141,1,2,policy_check
2872,A,271,22,5,policy_check
2873,D,64,16,5,transcode
2874,G,57,4,3,thumbnail
2875,E,210,26,1,compress
2876,G,487,14,1,transcode
2877,F,253,4,1,crop
2878,C,233,19,3,watermark
2879,D,439,15,1,resize
2880,G,345,26,5,crop
2881,H,161,26,4,transcode
2882,H,397,27,2,policy_check
2883,F,370,20,2,policy_check
2884,F,252,4,1,thumbnail
2885,D,211,16,2,policy_check
2886,B,58,16,1,thumbnail
2887,A,355,4,2,resize
2888,B,295,6,2,compress
2889,G,485,12,4,thumbnail
2890,C,204,17,4,crop
2891,H,231,6,3,crop
2892,H,226,9,1,thumbnail
2893,A,343,10,4,transcode
2894,F,63,26,5,thumbnail
2895,E,431,12,1,compress
2896,C,118,7,5,policy_check
2897,E,283,1,3,compress
2898,C,124,11,1,resize
2899,E,39,9,4,thumbnail
2900,H,136,1,4,policy_check
2901,E,456,30,4,thumbnail
2902,A,190,6,3,transcode
2903,D,195,6,3,policy_check
2904,D,235,10,5,resize
2905,E,474,23,3,crop
2906,G,48,30,1,crop
2907,F,135,18,4,watermark
2908,F,490,3,3,resize
2909,C,232,10,1,transcode
2910,B,460,29,1,thumbnail
2911,C,182,4,3,crop
2912,C,361,11,4,policy_check
2913,H,278,1,1,transcode
2914,H,67,23,1,thumbnail
2915,C,354,23,1,compress
2916,G,421,12,5,compress
2917,C,183,7,2,transcode
2918,B,143,10,1,watermark
2919,E,180,23,1,policy_check
2920,A,213,22,2,transcode
2921,D,22,1,5,policy_check
2922,C,288,3,3,crop
2923,F,198,12,2,watermark
2924,E,0,16,5,compress
2925,E,312,11,3,transcode
2926,F,340,16,5,transcode
2927,A,104,6,3,crop
2928,H,467,8,5,policy_check
2929,E,345,25,2,compress
2930,G,467,11,5,policy_check
2931,A,84,2,5,transcode
2932,C,151,27,2,crop
2933,B,337,10,2,policy_check
2934,D,369,27,2,compress
2935,G,387,9,2,policy_check
2936,H,247,18,1,compress
2937,F,49,30,4,transcode
2938,D,498,19,1,resize
2939,A,416,20,3,compress
2940,F,246,28,3,transcode
2941,E,283,22,4,crop
2942,D,137,2,3,resize
2943,G,0,21,4,thumbnail
2944,A,107,15,5,crop
2945,F,302,15,1,watermark
2946,B,115,3,5,thumbnail
2947,C,500,7,4,transcode
2948,E,177,22,4,thumbnail
2949,E,59,10,4,transcode
2950,G,53,11,4,compress
2951,C,157,29,5,policy_check
2952,D,351,13,2,transcode
2953,B,412,3,5,resize
2954,H,33,16,3,compress
2955,D,210,22,1,policy_check
2956,D,27,2,4,policy_check
2957,G,66,16,1,crop
2958,H,79,10,3,crop
2959,A,61,22,2,policy_check
2960,F,310,25,5,resize
2961,B,302,24,5,policy_check
2962,D,172,13,3,compress
2963,C,476,14,5,crop
2964,G,15,8,3,transcode
2965,F,461,12,4,crop
2966,C,307,22,4,policy_check
2967,B,116,26,2,thumbnail
2968,G,317,21,2,resize
2969,B,194,2,2,compress
2970,D,182,5,4,policy_check
2971,B,407,19,2,thumbnail
2972,D,118,2,1,policy_check
2973,H,195,30,1,watermark
2974,E,379,30,1,resize
2975,B,322,19,1,compress
2976,C,219,24,1,policy_check
2977,D,340,19,2,thumbnail
2978,F,403,4,1,transcode
2979,F,338,2,3,resize
2980,B,211,7,1,transcode
2981,F,210,27,5,policy_check
2982,B,449,23,3,watermark
2983,H,427,11,2,watermark
2984,G,371,20,2,compress
2985,A,195,30,1,crop
2986,F,58,12,2,crop
2987,A,87,28,3,resize
2988,F,23,7,5,crop
2989,C,253,3,5,thumbnail
2990,B,18,28,4,policy_check
2991,C,26,26,1,resize
2992,D,441,29,3,thumbnail
2993,A,416,4,2,thumbnail
2994,A,266,29,2,compress
2995,B,223,8,2,resize
2996,D,485,30,4,watermark
2997,E,198,24,3,crop
2998,D,379,7,5,resize
2999,B,494,4,3,crop
3000,F,427,5,2,thumbnail
3001,C,98,6,1,compress
3002,G,247,24,4,compress
3003,E,499,14,4,resize
3004,E,420,27,3,watermark
3005,A,190,12,1,resize
3006,F,322,25,1,policy_check
3007,F,311,19,3,compress
3008,B,85,18,3,compress
3009,D,89,26,2,compress
3010,B,194,16,5,crop
3011,F,391,3,3,watermark
3012,E,52,25,5,watermark
3013,G,122,24,3,transcode
3014,F,406,15,1,compress
3015,F,212,4,1,watermark
3016,A,396,7,4,transcode
3017,F,290,9,1,crop
3018,D,83,12,1,resize
3019,G,281,27,5,watermark
3020,A,293,24,1,watermark
3021,E,459,10,4,crop
3022,B,242,29,2,policy_check
3023,A,16,24,5,policy_check
3024,C,332,22,3,crop
3025,F,172,8,2,transcode
3026,A,0,5,1,transcode
3027,A,79,5,5,crop
3028,F,247,9,2,crop
3029,F,279,18,2,policy_check
3030,C,38,13,3,policy_check
3031,G,62,23,3,resize
3032,H,56,30,4,compress
3033,H,388,9,2,thumbnail
3034,C,411,24,3,transcode
3035,H,158,15,2,transcode
3036,H,5,21,3,thumbnail
3037,B,244,27,2,policy_check
3038,F,68,26,1,resize
3039,B,12,9,5,transcode
3040,D,325,2,1,crop
3041,B,461,17,3,crop
3042,G,449,28,5,thumbnail
3043,C,117,27,1,thumbnail
3044,E,243,24,3,crop
3045,D,165,8,2,crop
3046,G,101,28,3,crop
3047,G,116,7,5,crop
3048,A,153,16,3,transcode
3049,B,200,5,5,compress
3050,F,479,25,3,crop
3051,A,238,1,3,resize
3052,H,19,12,3,compress
3053,F,445,27,2,crop
3054,D,53,11,1,thumbnail
3055,A,5,23,3,thumbnail
3056,E,85,4,1,policy_check
3057,A,124,20,3,policy_check
3058,E,221,17,3,crop
3059,E,431,7,2,compress
3060,A,121,28,1,crop
3061,H,189,18,3,thumbnail
3062,A,323,4,3,resize
3063,H,395,22,3,resize
3064,B,358,19,2,resize
3065,F,354,7,3,transcode
3066,C,235,19,5,policy_check
3067,D,279,22,2,thumbnail
3068,C,322,14,2,compress
3069,D,52,16,3,policy_check
3070,E,269,28,3,thumbnail
3071,E,251,6,5,resize
3072,E,483,2,3,thumbnail
3073,E,222,27,4,thumbnail
3074,H,25,11,4,transcode
3075,G,387,27,5,policy_check
3076,B,81,14,5,watermark
3077,G,326,20,5,thumbnail
3078,E,407,6,3,watermark
3079,B,317,6,5,watermark
3080,F,225,27,1,thumbnail
3081,H,53,20,5,thumbnail
3082,H,347,16,3,transcode
3083,D,282,24,1,thumbnail
3084,F,338,23,5,thumbnail
3085,E,23,5,2,transcode
3086,D,472,11,3,compress
3087,D,231,22,2,transcode
3088,F,241,21,1,watermark
3089,H,259,21,1,thumbnail
3090,B,477,19,5,policy_check
3091,F,213,15,4,compress
3092,H,115,21,1,compress
3093,E,111,21,3,resize
3094,B,327,8,1,thumbnail
3095,F,140,3,2,watermark
3096,H,436,17,2,policy_check
3097,B,205,1,3,thumbnail
3098,C,257,4,1,thumbnail
3099,D,466,9,3,transcode
3100,C,136,7,1,thumbnail
3101,C,362,9,2,compress
3102,E,347,19,5,compress
3103,C,57,8,1,thumbnail
3104,E,452,12,2,policy_check
3105,F,273,11,1,resize
3106,B,211,14,2,policy_check
3107,A,305,13,4,resize
3108,H,350,18,5,thumbnail
3109,C,261,30,5,compress
3110,G,67,21,5,watermark
3111,C,493,1,2,watermark
3112,B,138,16,4,transcode
3113,H,455,3,4,compress
3114,B,356,3,5,thumbnail
3115,E,151,21,3,watermark
3116,D,499,30,3,transcode
3117,E,82,15,3,watermark
3118,D,52,18,1,watermark
3119,F,230,30,1,compress
3120,G,183,30,4,watermark
3121,D,349,15,4,watermark
3122,H,411,24,4,policy_check
3123,C,115,28,5,crop
3124,F,3,8,3,thumbnail
3125,H,204,12,5,thumbnail
3126,A,56,18,4,policy_check
3127,G,323,16,1,crop
3128,A,188,12,2,watermark
3129,D,300,4,3,transcode
3130,F,427,9,2,policy_check
3131,B,136,4,5,crop
3132,G,465,29,1,compress
3133,G,292,29,1,resize
3134,G,204,14,3,watermark
3135,C,65,22,2,resize
3136,F,419,18,2,crop
3137,A,13,11,4,resize
3138,D,289,8,5,crop
3139,E,349,30,2,compress
3140,F,298,5,2,watermark
3141,E,269,23,5,watermark
3142,A,140,10,4,policy_check
3143,C,446,26,4,crop
3144,C,469,3,4,policy_check
3145,G,164,17,5,compress
3146,D,130,22,3,crop
3147,D,420,22,3,resize
3148,C,43,21,5,compress
3149,C,92,14,3,transcode
3150,E,229,10,5,policy_check
3151,H,175,14,3,compress
3152,A,54,2,2,compress
3153,C,15,17,1,compress
3154,G,193,15,4,thumbnail
3155,G,64,23,3,transcode
3156,A,262,25,1,watermark
3157,C,326,19,1,thumbnail
3158,D,268,19,5,watermark
3159,D,419,27,3,policy_check
3160,E,378,17,5,transcode
3161,H,345,6,5,thumbnail
3162,A,119,17,2,resize
3163,H,292,2,3,thumbnail
3164,G,471,7,1,policy_check
3165,G,319,18,5,compress
3166,B,130,24,1,transcode
3167,H,330,7,2,resize
3168,G,251,17,2,transcode
3169,G,360,27,3,watermark
3170,D,369,20,3,thumbnail
3171,H,72,25,3,thumbnail
3172,H,364,7,4,crop
3173,G,365,20,2,compress
3174,G,468,19,3,resize
3175,E,199,19,3,watermark
3176,D,302,13,5,resize
3177,B,499,20,3,resize
3178,E,460,1,3,thumbnail
3179,F,148,10,2,watermark
3180,H,280,2,1,policy_check
3181,F,458,14,2,thumbnail
3182,D,272,1,4,compress
3183,F,314,12,1,watermark
3184,C,401,11,5,crop
3185,F,52,2,2,resize
3186,G,290,12,2,policy_check
3187,A,266,12,3,watermark
3188,F,337,28,2,compress
3189,H,459,10,2,resize
3190,G,291,20,2,policy_check
3191,A,63,27,1,thumbnail
3192,A,16,8,1,crop
3193,A,397,25,2,watermark
3194,A,306,2,2,transcode
3195,F,488,4,3,resize
3196,E,446,9,1,thumbnail
3197,F,206,4,5,policy_check
3198,G,448,3,5,watermark
3199,C,425,16,5,resize
3200,F,220,24,2,compress
3201,G,67,24,4,transcode
3202,F,386,26,4,thumbnail
3203,H,250,22,5,policy_check
3204,F,144,13,4,resize
3205,F,309,4,5,transcode
3206,G,483,6,4,policy_check
3207,H,197,12,4,crop
3208,H,285,12,3,thumbnail
3209,F,470,14,5,compress
3210,B,188,4,2,transcode
3211,C,486,17,5,crop
3212,D,477,4,5,thumbnail
3213,B,235,15,3,watermark
3214,C,40,23,2,crop
3215,D,82,21,2,policy_check
3216,C,152,17,4,policy_check
3217,A,380,28,1,thumbnail
3218,A,7,6,2,thumbnail
3219,E,309,28,5,crop
3220,A,412,18,4,resize
3221,F,271,10,5,policy_check
3222,C,198,29,1,policy_check
3223,A,10,2,4,policy_check
3224,C,389,3,3,policy_check
3225,F,185,10,4,watermark
3226,E,240,17,2,watermark
3227,F,346,9,5,watermark
3228,G,458,26,2,policy_check
3229,A,173,2,3,transcode
3230,E,416,10,5,transcode
3231,F,255,27,3,thumbnail
3232,E,363,1,2,policy_check
3233,F,453,5,1,thumbnail
3234,A,108,25,4,transcode
3235,F,353,11,2,watermark
3236,E,488,16,5,crop
3237,E,310,30,5,watermark
3238,A,54,23,5,compress
3239,D,201,5,3,transcode
3240,G,222,14,4,watermark
3241,G,291,24,3,resize
3242,F,245,3,4,thumbnail
3243,C,411,5,3,compress
3244,C,481,9,4,transcode
3245,B,2,9,1,policy_check
3246,E,81,25,5,watermark
3247,D,138,14,1,watermark
3248,D,51,8,4,resize
3249,C,118,2,2,crop
3250,D,399,15,2,policy_check
3251,A,129,12,2,transcode
3252,H,282,14,5,policy_check
3253,E,294,3,3,resize
3254,B,251,15,3,crop
3255,A,454,19,4,crop
3256,F,373,23,3,transcode
3257,E,9,28,3,compress
3258,D,286,7,5,thumbnail
3259,H,383,14,2,transcode
3260,D,81,23,5,crop
3261,E,22,29,3,policy_check
3262,H,456,23,1,resize
3263,A,376,18,3,policy_check
3264,H,103,16,5,thumbnail
3265,D,224,9,2,policy_check
3266,C,259,19,2,crop
3267,H,190,27,3,compress
3268,E,292,23,4,policy_check
3269,B,157,28,2,compress
3270,D,302,23,2,resize
3271,E,311,14,3,policy_check
3272,G,56,28,5,watermark
3273,A,203,23,4,watermark
3274,D,328,3,1,compress
3275,B,311,30,2,watermark
3276,F,172,10,3,thumbnail
3277,H,158,27,1,policy_check
3278,F,209,12,1,thumbnail
3279,D,437,9,3,watermark
3280,A,120,20,2,watermark
3281,H,53,13,3,policy_check
3282,A,376,7,3,resize
3283,C,390,19,5,transcode
3284,F,358,13,3,crop
3285,C,236,6,2,compress
3286,A,477,14,2,thumbnail
3287,H,430,1,4,compress
3288,E,395,23,3,crop
3289,A,308,29,3,transcode
3290,C,36,14,1,resize
3291,E,319,14,4,thumbnail
3292,G,382,5,3,crop
3293,D,438,9,1,thumbnail
3294,H,79,6,4,thumbnail
3295,C,356,21,1,watermark
3296,C,285,27,1,crop
3297,F,261,27,4,thumbnail
3298,F,245,9,1,policy_check
3299,E,65,22,3,resize
3300,A,14,29,2,transcode
3301,D,39,21,5,crop
3302,E,125,11,5,policy_check
3303,H,339,15,1,compress
3304,B,277,5,1,thumbnail
3305,A,294,18,3,watermark
3306,G,141,4,5,watermark
3307,C,461,11,1,compress
3308,A,25,18,1,watermark
3309,D,434,13,3,transcode
3310,B,237,7,3,resize
3311,F,378,30,2,watermark
3312,E,70,1,3,transcode
3313,C,105,2,5,resize
3314,D,455,13,2,transcode
3315,B,475,25,5,crop
3316,A,381,11,5,compress
3317,H,158,24,4,watermark
3318,E,297,15,5,resize
3319,G,495,23,5,resize
3320,F,454,2,3,watermark
3321,C,120,12,3,thumbnail
3322,H,365,25,2,compress
3323,B,351,20,2,resize
3324,A,186,9,1,transcode
3325,B,448,10,2,transcode
3326,E,246,3,1,crop
3327,H,56,17,3,compress
3328,B,248,28,1,transcode
3329,D,262,25,2,crop
3330,A,466,12,2,compress
3331,A,312,21,5,thumbnail
3332,H,461,26,5,crop
3333,B,222,24,2,compress
3334,C,87,1,1,policy_check
3335,H,445,2,3,compress
3336,H,363,5,2,policy_check
3337,G,205,9,5,crop
3338,C,116,22,1,resize
3339,B,129,9,4,compress
3340,F,275,30,4,policy_check
3341,H,416,27,1,policy_check
3342,A,156,29,2,compress
3343,G,348,27,2,resize
3344,D,221,30,4,thumbnail
3345,H,280,25,1,crop
3346,E,331,5,2,policy_check
3347,H,416,10,5,watermark
3348,A,436,29,4,compress
3349,D,14,9,3,compress
3350,B,36,17,5,compress
3351,F,392,24,4,resize
3352,C,426,2,1,thumbnail
3353,G,350,20,3,compress
3354,E,287,22,4,compress
3355,G,72,17,3,compress
3356,G,441,2,1,thumbnail
3357,F,100,16,5,watermark
3358,G,447,11,1,thumbnail
3359,A,479,21,3,crop
3360,H,252,15,5,transcode
3361,E,6,15,2,resize
3362,G,253,7,2,policy_check
3363,B,135,20,1,watermark
3364,B,369,3,5,crop
3365,F,149,20,1,crop
3366,C,202,29,1,policy_check
3367,C,156,6,1,watermark
3368,E,167,2,5,watermark
3369,G,126,21,4,compress
3370,B,114,1,3,thumbnail
3371,F,191,18,3,watermark
3372,C,422,20,4,thumbnail
3373,C,34,20,3,policy_check
3374,F,496,24,4,crop
3375,H,75,19,5,transcode
3376,C,373,10,2,thumbnail
3377,D,279,13,2,crop
3378,H,160,27,4,policy_check
3379,C,479,8,2,thumbnail
3380,D,109,26,5,transcode
3381,B,397,25,2,watermark
3382,D,8,21,1,policy_check
3383,D,499,23,3,thumbnail
3384,G,29,4,5,transcode
3385,H,131,15,4,policy_check
3386,B,162,16,3,transcode
3387,H,446,5,3,transcode
3388,E,344,1,1,crop
3389,H,422,26,3,resize
3390,H,23,28,1,watermark
3391,A,104,11,3,crop
3392,D,119,8,4,watermark
3393,G,306,12,2,watermark
3394,H,129,28,3,policy_check
3395,H,497,16,2,watermark
3396,F,296,8,5,transcode
3397,G,157,24,3,watermark
3398,C,253,25,1,policy_check
3399,H,303,14,1,transcode
3400,D,95,2,1,crop
3401,F,50,20,5,crop
3402,G,256,26,4,compress
3403,C,483,27,2,thumbnail
3404,G,20,17,1,crop
3405,C,114,29,3,watermark
3406,B,498,19,5,crop
3407,F,24,2,3,watermark
3408,E,330,12,3,thumbnail
3409,D,385,30,2,compress
3410,A,172,20,5,watermark
3411,F,250,22,4,transcode
3412,A,177,4,3,transcode
3413,F,203,13,2,crop
3414,H,127,12,4,policy_check
3415,F,386,12,2,thumbnail
3416,C,0,5,1,transcode
3417,H,300,26,4,resize
3418,A,231,11,5,transcode
3419,G,305,17,4,resize
3420,G,423,10,5,watermark
3421,A,197,5,1,watermark
3422,B,68,11,4,resize
3423,G,182,3,2,compress
3424,F,411,7,3,compress
3425,F,262,29,3,crop
3426,H,379,9,3,thumbnail
3427,D,106,7,3,thumbnail
3428,G,332,27,2,resize
3429,A,66,30,4,crop
3430,E,318,18,5,policy_check
3431,H,248,14,5,resize
3432,G,460,26,4,crop
3433,D,18,26,3,thumbnail
3434,B,326,5,5,resize
3435,F,192,8,4,transcode
3436,F,443,18,2,compress
3437,C,151,20,5,thumbnail
3438,A,401,10,5,policy_check
3439,B,111,8,1,watermark
3440,H,301,6,4,transcode
3441,D,310,28,2,watermark
3442,B,486,24,1,transcode
3443,H,284,3,4,compress
3444,B,273,23,1,policy_check
3445,B,165,29,3,thumbnail
3446,H,317,27,5,watermark
3447,G,477,29,3,crop
3448,D,28,25,4,transcode
3449,H,74,19,4,compress
3450,C,485,24,1,compress
3451,G,442,14,1,policy_check
3452,A,373,18,1,transcode
3453,D,278,3,3,compress
3454,H,422,12,3,resize
3455,F,100,11,1,policy_check
3456,H,7,9,3,watermark
3457,F,434,3,3,thumbnail
3458,F,209,16,1,resize
3459,F,74,11,4,crop
3460,C,455,9,3,thumbnail
3461,G,223,14,5,crop
3462,A,25,9,1,compress
3463,A,350,30,2,compress
3464,A,243,26,5,resize
3465,C,31,13,3,transcode
3466,H,469,14,4,policy_check
3467,D,103,6,2,policy_check
3468,H,498,30,4,compress
3469,H,16,10,5,resize
3470,D,299,28,5,policy_check
3471,A,99,13,3,crop
3472,C,447,25,2,resize
3473,G,460,26,5,compress
3474,E,132,21,1,policy_check
3475,F,106,8,4,policy_check
3476,A,401,21,2,compress
3477,B,325,8,3,watermark
3478,A,253,13,4,watermark
3479,G,293,8,1,watermark
3480,D,131,23,2,watermark
3481,F,234,7,5,watermark
3482,E,455,11,3,compress
3483,D,480,8,1,watermark
3484,D,274,12,4,crop
3485,A,56,18,5,policy_check
3486,B,77,5,1,policy_check
3487,E,32,14,3,crop
3488,E,266,21,2,compress
3489,C,66,25,2,thumbnail
3490,E,487,12,5,compress
3491,B,307,26,5,thumbnail
3492,D,378,7,2,compress
3493,H,167,22,2,compress
3494,E,78,11,3,policy_check
3495,A,421,13,4,resize
3496,B,116,14,4,thumbnail
3497,A,441,19,1,compress
3498,A,305,12,5,watermark
3499,E,155,16,1,transcode
3500,G,97,10,1,compress
3501,F,36,11,3,transcode
3502,D,235,6,5,policy_check
3503,B,229,28,5,transcode
3504,E,185,2,1,watermark
3505,B,102,28,3,thumbnail
3506,B,344,22,1,transcode
3507,G,13,9,2,compress
3508,A,215,14,3,thumbnail
3509,E,429,25,4,watermark
3510,B,461,9,5,watermark
3511,D,259,30,2,policy_check
3512,D,1,16,5,watermark
3513,G,314,27,2,compress
3514,D,378,22,2,crop
3515,A,393,9,1,crop
3516,A,32,17,4,compress
3517,H,397,28,1,policy_check
3518,G,483,29,5,transcode
3519,B,308,21,4,crop
3520,E,268,14,3,compress
3521,E,295,29,4,resize
3522,D,42,29,3,crop
3523,E,265,20,1,transcode
3524,D,257,1,3,compress
3525,A,186,23,5,crop
3526,D,441,1,1,thumbnail
3527,F,416,21,2,transcode
3528,A,461,17,1,thumbnail
3529,H,288,12,5,watermark
3530,C,33,18,3,transcode
3531,G,389,19,1,resize
3532,G,437,17,3,watermark
3533,A,398,15,4,watermark
3534,C,226,4,4,thumbnail
3535,H,242,6,1,watermark
3536,E,482,17,2,crop
3537,D,295,6,3,crop
3538,H,388,13,1,compress
3539,C,206,28,3,crop
3540,G,145,15,5,compress
3541,E,312,4,4,thumbnail
3542,H,221,11,1,transcode
3543,C,17,6,4,policy_check
3544,F,73,29,1,policy_check
3545,A,218,30,3,compress
3546,D,469,25,1,transcode
3547,E,495,27,5,policy_check
3548,A,350,14,4,watermark
3549,A,242,10,3,crop
3550,G,276,21,5,crop
3551,D,467,27,1,thumbnail
3552,B,344,1,4,resize
3553,C,126,9,3,compress
3554,C,70,24,5,compress
3555,B,498,20,2,compress
3556,H,480,26,5,transcode
3557,E,490,4,4,resize
3558,A,187,11,3,transcode
3559,D,319,5,4,crop
3560,C,396,4,5,crop
3561,C,219,6,3,compress
3562,G,186,11,3,thumbnail
3563,G,498,29,3,policy_check
3564,H,105,23,3,policy_check
3565,G,266,6,2,thumbnail
3566,E,406,22,2,policy_check
3567,G,39,4,4,thumbnail
3568,A,331,1,1,resize
3569,G,325,15,1,policy_check
3570,E,313,22,3,transcode
3571,D,376,13,4,resize
3572,D,381,22,5,transcode
3573,F,27,24,1,resize
3574,C,56,15,3,resize
3575,F,238,8,5,thumbnail
3576,E,199,24,3,policy_check
3577,H,79,14,4,transcode
3578,F,432,8,4,compress
3579,G,314,12,2,compress
3580,A,485,4,2,transcode
3581,F,295,8,2,crop
3582,G,437,29,4,compress
3583,H,217,1,3,watermark
3584,F,118,17,1,compress
3585,D,281,26,4,watermark
3586,C,3,11,4,crop
3587,C,400,28,4,compress
3588,A,92,10,3,resize
3589,B,429,5,1,transcode
3590,G,5,8,2,compress
3591,B,82,29,5,crop
3592,E,261,30,2,resize
3593,F,66,15,3,transcode
3594,E,280,18,3,watermark
3595,D,48,7,1,compress
3596,A,450,3,4,thumbnail
3597,D,319,25,5,crop
3598,C,430,12,1,compress
3599,E,392,4,1,transcode
3600,C,67,14,4,thumbnail
3601,H,214,3,1,watermark
3602,E,136,11,4,resize
3603,B,309,7,2,compress
3604,B,330,29,1,policy_check
3605,H,111,25,2,crop
3606,D,474,19,4,transcode
3607,C,202,13,1,resize
3608,C,32,5,2,thumbnail
3609,D,288,1,4,thumbnail
3610,E,28,10,4,watermark
3611,E,156,26,1,resize
3612,D,239,24,1,transcode
3613,B,231,2,2,policy_check
3614,A,491,24,5,thumbnail
3615,E,145,27,3,watermark
3616,D,355,11,2,policy_check
3617,E,467,12,1,resize
3618,D,383,22,2,compress
3619,F,23,16,1,resize
3620,D,352,17,4,watermark
3621,A,121,28,3,watermark
3622,G,329,30,2,transcode
3623,E,128,30,5,resize
3624,H,65,23,4,compress
3625,D,475,17,5,policy_check
3626,H,476,26,3,policy_check
3627,C,496,22,3,policy_check
3628,E,251,15,1,watermark
3629,C,239,27,3,compress
3630,D,89,18,3,compress
3631,B,230,11,1,crop
3632,F,478,25,1,policy_check
3633,F,276,30,3,crop
3634,A,308,12,5,policy_check
3635,B,57,19,4,policy_check
3636,A,51,17,5,thumbnail
3637,H,46,30,2,thumbnail
3638,D,497,12,3,crop
3639,C,23,6,5,resize
3640,A,37,9,2,crop
3641,H,301,20,1,crop
3642,H,318,5,5,resize
3643,H,76,16,1,resize
3644,D,294,27,1,policy_check
3645,F,103,23,2,transcode
3646,H,500,1,1,compress
3647,C,282,8,3,thumbnail
3648,D,36,15,2,policy_check
3649,H,216,5,4,watermark
3650,E,498,27,3,compress
3651,F,491,4,4,watermark
3652,F,187,8,5,resize
3653,G,271,22,3,thumbnail
3654,E,201,18,5,watermark
3655,H,218,13,5,thumbnail
3656,E,26,1,1,watermark
3657,E,332,27,1,resize
3658,H,459,15,2,crop
3659,H,101,3,4,watermark
3660,B,212,14,4,compress
3661,D,75,9,5,thumbnail
3662,G,49,20,4,compress
3663,E,4,9,3,policy_check
3664,C,434,29,5,transcode
3665,H,127,27,5,policy_check
3666,G,137,11,2,policy_check
3667,H,305,12,1,resize
3668,A,287,4,2,transcode
3669,B,128,13,1,watermark
3670,F,440,6,3,policy_check
3671,C,208,17,2,resize
3672,H,137,11,1,policy_check
3673,H,264,3,1,transcode
3674,C,20,10,3,compress
3675,F,275,11,3,compress
3676,H,321,19,2,thumbnail
3677,A,149,23,4,resize
3678,F,121,6,3,crop
3679,E,174,13,5,policy_check
3680,G,86,27,5,transcode
3681,H,173,22,3,compress
3682,H,28,11,1,resize
3683,H,220,10,1,policy_check
3684,E,424,15,4,thumbnail
3685,A,381,25,5,watermark
3686,E,305,22,1,compress
3687,E,153,8,1,thumbnail
3688,B,180,20,2,crop
3689,E,327,23,2,transcode
3690,E,23,30,2,thumbnail
3691,D,342,14,4,thumbnail
3692,A,60,21,2,resize
3693,A,319,29,5,crop
3694,D,297,21,1,policy_check
3695,D,455,16,1,crop
3696,G,456,21,4,crop
3697,B,226,16,2,thumbnail
3698,G,338,30,1,crop
3699,B,4,3,3,crop
3700,A,429,30,5,transcode
3701,C,457,5,3,policy_check
3702,G,334,20,2,policy_check
3703,B,419,29,2,watermark
3704,H,344,6,5,watermark
3705,H,14,19,1,crop
3706,G,239,26,1,watermark
3707,H,310,24,3,thumbnail
3708,A,20,15,2,watermark
3709,D,496,15,4,policy_check
3710,F,437,24,5,resize
3711,G,16,30,5,crop
3712,F,337,2,5,resize
3713,C,307,20,2,resize
3714,C,155,24,3,thumbnail
3715,D,2,26,1,policy_check
3716,A,386,11,1,crop
3717,A,27,24,1,watermark
3718,A,148,14,5,crop
3719,E,474,29,2,crop
3720,G,456,9,3,crop
3721,B,167,1,4,policy_check
3722,A,233,4,4,crop
3723,H,74,24,4,compress
3724,C,280,23,3,transcode
3725,B,106,25,1,crop
3726,A,165,22,1,crop
3727,B,214,16,2,crop
3728,B,391,19,5,thumbnail
3729,B,389,19,1,policy_check
3730,E,246,13,2,policy_check
3731,F,324,22,5,crop
3732,B,343,7,2,compress
3733,D,220,5,5,thumbnail
3734,D,256,29,2,thumbnail
3735,E,309,3,4,policy_check
3736,E,49,27,2,crop
3737,G,125,16,4,watermark
3738,D,292,27,1,resize
3739,F,218,5,3,compress
3740,C,166,4,3,resize
3741,B,28,12,1,policy_check
3742,G,88,15,2,watermark
3743,B,214,13,5,resize
3744,C,335,15,5,transcode
3745,E,393,30,3,compress
3746,A,345,27,3,resize
3747,F,494,16,2,watermark
3748,F,465,9,3,policy_check
3749,G,170,30,2,transcode
3750,G,176,14,2,resize
3751,C,184,1,2,thumbnail
3752,H,190,24,1,crop
3753,F,180,28,1,crop
3754,D,247,14,1,thumbnail
3755,B,88,3,2,policy_check
3756,G,236,21,4,crop
3757,D,60,30,4,policy_check
3758,H,135,21,1,resize
3759,G,25,7,1,crop
3760,D,196,1,3,watermark
3761,A,169,13,2,transcode
3762,B,57,21,2,policy_check
3763,E,200,19,1,policy_check
3764,E,472,3,4,policy_check
3765,B,13,19,5,transcode
3766,A,35,16,1,policy_check
3767,B,173,23,2,crop
3768,C,300,13,5,resize
3769,G,120,2,4,watermark
3770,F,302,6,2,resize
3771,A,65,16,4,thumbnail
3772,A,231,7,4,thumbnail
3773,G,395,13,5,thumbnail
3774,F,386,1,3,watermark
3775,C,404,19,1,resize
3776,E,88,4,5,compress
3777,B,314,12,4,thumbnail
3778,F,156,10,1,thumbnail
3779,H,396,21,3,watermark
3780,C,44,2,4,resize
3781,D,488,28,5,resize
3782,D,150,2,4,thumbnail
3783,H,201,4,2,compress
3784,B,428,24,3,thumbnail
3785,G,467,29,4,resize
3786,D,55,13,3,transcode
3787,B,142,21,3,policy_check
3788,D,351,11,2,watermark
3789,F,237,6,4,watermark
3790,H,346,20,2,thumbnail
3791,A,277,3,3,transcode
3792,A,330,6,2,policy_check
3793,F,478,28,2,crop
3794,G,92,30,4,compress
3795,G,340,17,4,watermark
3796,B,122,8,3,thumbnail
3797,C,333,4,3,policy_check
3798,G,398,24,5,transcode
3799,F,42,23,4,thumbnail
3800,H,376,22,4,compress
3801,A,467,23,3,thumbnail
3802,G,23,16,3,policy_check
3803,F,139,6,4,resize
3804,B,380,23,2,policy_check
3805,E,157,26,3,crop
3806,F,388,14,3,policy_check
3807,A,409,15,4,compress
3808,A,382,14,4,thumbnail
3809,B,197,15,3,transcode
3810,E,268,12,1,crop
3811,E,174,29,4,resize
3812,A,458,4,4,thumbnail
3813,B,283,25,1,transcode
3814,H,144,13,4,policy_check
3815,E,380,18,4,compress
3816,H,483,5,2,watermark
3817,A,24,5,1,transcode
3818,H,158,23,5,policy_check
3819,B,113,9,4,compress
3820,A,313,25,5,transcode
3821,E,102,23,1,crop
3822,B,57,1,4,policy_check
3823,B,212,3,5,resize
3824,H,69,27,3,resize
3825,D,38,4,1,compress
3826,B,345,20,1,resize
3827,H,450,20,4,crop
3828,C,283,13,2,resize
3829,G,456,4,2,thumbnail
3830,C,257,17,1,resize
3831,G,392,2,2,watermark
3832,B,196,11,2,policy_check
3833,B,413,20,5,thumbnail
3834,F,89,30,5,crop
3835,C,447,24,4,watermark
3836,H,481,11,4,crop
3837,C,459,8,5,compress
3838,C,378,18,1,resize
3839,G,275,8,3,thumbnail
3840,G,197,2,5,transcode
3841,E,387,13,1,transcode
3842,B,256,13,2,crop
3843,G,36,6,3,compress
3844,G,351,24,3,resize
3845,H,325,24,4,watermark
3846,B,311,10,1,watermark
3847,D,316,10,2,resize
3848,F,248,6,4,policy_check
3849,B,312,22,4,crop
3850,F,418,28,3,policy_check
3851,G,236,19,3,watermark
3852,D,492,5,5,thumbnail
3853,C,62,20,4,watermark
3854,C,236,17,2,compress
3855,C,255,1,4,policy_check
3856,F,364,16,4,thumbnail
3857,C,88,20,3,compress
3858,C,256,4,3,crop
3859,E,118,14,5,crop
3860,E,110,26,3,thumbnail
3861,H,290,22,3,watermark
3862,D,435,7,2,policy_check
3863,D,464,28,5,policy_check
3864,H,130,8,5,compress
3865,C,311,13,4,policy_check
3866,B,223,11,1,policy_check
3867,F,270,24,4,crop
3868,H,10,22,5,resize
3869,C,114,11,4,crop
3870,A,128,13,4,thumbnail
3871,G,100,14,5,watermark
3872,F,119,29,2,resize
3873,F,440,22,4,policy_check
3874,H,74,15,2,policy_check
3875,G,41,9,2,compress
3876,D,84,24,1,resize
3877,C,449,3,4,policy_check
3878,G,301,2,5,resize
3879,C,208,6,5,transcode
3880,A,75,1,2,policy_check
3881,F,332,1,3,resize
3882,B,44,23,1,crop
3883,H,430,1,1,resize
3884,C,341,30,1,policy_check
3885,G,395,11,5,crop
3886,C,421,21,5,policy_check
3887,B,79,25,4,crop
3888,E,364,19,3,policy_check
3889,A,83,5,3,resize
3890,B,280,25,4,compress
3891,H,353,2,5,thumbnail
3892,C,423,1,4,thumbnail
3893,B,452,14,4,watermark
3894,G,441,17,3,compress
3895,D,134,13,4,resize
3896,A,329,14,5,resize
3897,H,235,16,5,policy_check
3898,G,254,20,5,policy_check
3899,H,494,17,2,thumbnail
3900,B,417,14,5,compress
3901,A,167,5,5,crop
3902,B,448,24,1,watermark
3903,G,363,26,1,thumbnail
3904,G,495,3,5,compress
3905,H,174,5,4,thumbnail
3906,G,101,3,3,crop
3907,B,55,17,5,watermark
3908,E,185,8,5,transcode
3909,C,370,27,1,transcode
3910,F,20,11,5,crop
3911,C,328,21,4,policy_check
3912,A,472,28,5,watermark
3913,C,64,23,4,transcode
3914,D,408,16,3,watermark
3915,A,408,18,2,crop
3916,H,493,22,3,thumbnail
3917,B,33,18,2,resize
3918,D,283,2,2,crop
3919,E,261,6,5,resize
3920,A,235,15,5,transcode
3921,C,278,20,2,crop
3922,C,181,24,5,thumbnail
3923,F,308,4,3,transcode
3924,D,50,23,4,policy_check
3925,H,419,2,2,resize
3926,B,236,22,5,resize
3927,C,232,28,4,compress
3928,B,359,14,4,transcode
3929,F,100,14,3,compress
3930,B,171,30,5,transcode
3931,H,123,18,3,thumbnail
3932,H,201,21,2,watermark
3933,A,274,19,2,thumbnail
3934,H,174,4,2,compress
3935,B,227,19,5,policy_check
3936,F,69,28,4,crop
3937,H,413,30,5,resize
3938,G,72,22,5,resize
3939,A,454,6,4,policy_check
3940,D,433,4,4,resize
3941,C,338,6,3,compress
3942,D,80,1,3,transcode
3943,D,182,19,4,thumbnail
3944,A,343,21,1,resize
3945,G,135,2,5,resize
3946,D,213,12,5,policy_check
3947,F,72,30,3,resize
3948,H,396,13,3,policy_check
3949,C,324,18,3,policy_check
3950,G,85,27,4,watermark
3951,E,185,23,1,transcode
3952,C,176,8,4,watermark
3953,G,75,1,5,thumbnail
3954,E,176,24,5,policy_check
3955,E,243,16,3,thumbnail
3956,E,355,22,5,thumbnail
3957,C,81,22,1,crop
3958,E,87,30,3,watermark
3959,F,323,11,2,watermark
3960,H,240,11,2,crop
3961,F,5,15,2,crop
3962,F,220,30,1,policy_check
3963,A,375,18,4,watermark
3964,C,76,23,1,watermark
3965,C,376,10,3,resize
3966,H,430,16,5,resize
3967,F,308,24,4,policy_check
3968,D,263,20,1,crop
3969,H,148,26,3,crop
3970,B,311,12,4,transcode
3971,D,283,23,2,crop
3972,A,87,15,5,resize
3973,A,378,30,4,watermark
3974,A,175,17,2,thumbnail
3975,G,75,2,5,thumbnail
3976,C,126,30,2,policy_check
3977,G,121,30,3,thumbnail
3978,A,0,18,1,watermark
3979,D,333,9,3,thumbnail
3980,D,485,5,2,watermark
3981,F,305,17,2,thumbnail
3982,G,196,13,3,thumbnail
3983,C,200,20,2,resize
3984,E,468,7,2,thumbnail
3985,E,207,2,5,watermark
3986,B,347,7,2,compress
3987,A,291,8,4,resize
3988,B,427,4,2,thumbnail
3989,F,43,22,3,watermark
3990,E,64,13,3,watermark
3991,A,165,8,4,crop
3992,A,428,16,4,resize
3993,E,35,12,3,policy_check
3994,G,195,26,3,crop
3995,B,377,21,2,thumbnail
3996,A,427,26,1,thumbnail
3997,F,427,12,2,compress
3998,C,476,29,5,transcode
3999,H,251,28,2,policy_check
4000,F,73,13,1,policy_check
4001,A,103,25,4,resize
4002,C,90,8,5,policy_check
4003,C,293,6,3,policy_check
4004,C,242,17,1,crop
4005,B,417,26,1,policy_check
4006,E,308,25,2,watermark
4007,B,14,21,2,compress
4008,H,374,29,3,compress
4009,C,141,12,5,compress
4010,A,335,29,3,policy_check
4011,A,25,27,5,resize
4012,A,442,17,1,policy_check
4013,H,243,4,3,transcode
4014,A,293,19,2,resize
4015,E,345,21,2,resize
4016,A,375,11,4,compress
4017,G,248,5,4,compress
4018,A,485,8,4,transcode
4019,E,186,13,2,compress
4020,B,292,18,5,policy_check
4021,H,346,7,5,transcode
4022,A,314,8,1,thumbnail
4023,C,138,2,4,crop
4024,A,60,2,1,watermark
4025,G,71,22,3,transcode
4026,B,247,23,1,crop
4027,C,199,2,3,crop
4028,A,83,20,2,transcode
4029,H,368,7,5,transcode
4030,D,415,11,3,transcode
4031,A,245,11,1,thumbnail
4032,C,140,21,4,thumbnail
4033,D,214,14,4,watermark
4034,F,299,27,5,thumbnail
4035,G,145,4,3,policy_check
4036,A,322,17,1,crop
4037,D,214,6,4,transcode
4038,H,231,22,4,watermark
4039,D,228,14,2,crop
4040,H,490,17,1,transcode
4041,G,399,11,2,resize
4042,F,89,6,4,crop
4043,G,138,11,2,crop
4044,H,68,15,4,transcode
4045,B,221,13,4,transcode
4046,F,120,22,5,crop
4047,H,73,26,4,thumbnail
4048,E,479,28,2,policy_check
4049,H,332,20,5,thumbnail
4050,F,154,4,5,crop
4051,G,291,12,1,compress
4052,H,225,13,5,resize
4053,H,60,30,2,watermark
4054,F,378,5,5,resize
4055,B,171,18,2,crop
4056,D,334,18,1,watermark
4057,C,80,5,3,compress
4058,A,494,5,4,watermark
4059,E,466,12,4,policy_check
4060,E,221,15,4,policy_check
4061,G,193,7,3,crop
4062,F,351,7,3,thumbnail
4063,F,113,16,2,resize
4064,C,293,2,5,transcode
4065,G,433,11,3,resize
4066,H,175,24,1,crop
4067,D,89,5,1,crop
4068,H,44,18,4,compress
4069,G,13,8,1,watermark
4070,E,169,8,4,crop
4071,C,470,25,1,compress
4072,H,157,15,1,transcode
4073,H,97,17,3,crop
4074,C,387,22,2,crop
4075,F,500,29,2,watermark
4076,B,398,29,2,policy_check
4077,H,187,23,2,crop
4078,B,44,15,1,transcode
4079,G,490,23,2,policy_check
4080,B,126,22,2,resize
4081,F,346,29,5,compress
4082,A,444,6,5,compress
4083,G,467,16,2,crop
4084,G,158,30,2,crop
4085,C,47,14,2,policy_check
4086,A,53,25,3,watermark
4087,A,404,19,2,thumbnail
4088,F,297,27,2,watermark
4089,C,296,13,2,crop
4090,E,214,10,1,thumbnail
4091,A,16,10,4,resize
4092,C,293,13,3,crop
4093,H,395,27,1,resize
4094,C,63,8,5,thumbnail
4095,B,282,11,3,thumbnail
4096,E,35,10,4,thumbnail
4097,D,5,7,1,resize
4098,C,74,12,5,compress
4099,A,209,16,2,compress
4100,C,167,11,2,compress
4101,G,237,17,4,resize
4102,C,153,21,3,transcode
4103,D,450,4,2,compress
4104,H,137,22,3,resize
4105,F,67,14,3,watermark
4106,A,225,22,4,policy_check
4107,C,209,17,4,resize
4108,A,10,4,1,policy_check
4109,E,153,13,2,crop
4110,A,15,13,4,thumbnail
4111,D,370,5,5,compress
4112,E,223,13,3,transcode
4113,F,292,8,2,crop
4114,A,453,13,1,thumbnail
4115,F,269,18,5,resize
4116,H,204,21,2,compress
4117,F,70,27,5,resize
4118,H,137,22,4,crop
4119,F,139,28,1,compress
4120,G,212,5,3,policy_check
4121,G,38,26,2,crop
4122,G,23,13,4,watermark
4123,H,366,29,2,crop
4124,B,390,18,1,transcode
4125,C,377,25,1,transcode
4126,C,164,9,2,policy_check
4127,E,401,11,2,watermark
4128,F,395,15,1,thumbnail
4129,E,8,15,1,transcode
4130,D,106,21,1,resize
4131,H,388,13,1,resize
4132,B,360,30,3,resize
4133,A,32,6,2,watermark
4134,F,359,2,4,crop
4135,F,450,29,1,transcode
4136,C,69,7,4,thumbnail
4137,H,191,2,4,crop
4138,A,151,24,3,resize
4139,B,114,5,3,crop
4140,C,99,22,2,crop
4141,C,412,9,3,crop
4142,C,321,21,2,resize
4143,D,199,6,3,resize
4144,B,482,24,4,crop
4145,D,259,7,5,crop
4146,C,449,6,1,policy_check
4147,E,480,16,2,compress
4148,C,196,22,4,resize
4149,G,235,6,2,crop
4150,H,44,26,4,resize
4151,B,87,28,3,watermark
4152,G,46,22,4,compress
4153,G,308,7,5,compress
4154,E,113,20,4,compress
4155,E,482,20,1,watermark
4156,C,338,19,5,crop
4157,H,411,9,4,transcode
4158,C,376,17,5,watermark
4159,A,477,28,5,transcode
4160,H,306,3,2,crop
4161,A,381,3,4,transcode
4162,D,371,8,4,policy_check
4163,E,360,21,1,compress
4164,B,61,5,2,thumbnail
4165,B,412,2,3,thumbnail
4166,H,15,8,1,policy_check
4167,H,179,10,5,resize
4168,B,415,19,2,thumbnail
4169,G,159,17,2,compress
4170,B,444,30,2,policy_check
4171,F,336,3,2,crop
4172,E,322,6,2,resize
4173,D,411,19,1,watermark
4174,C,43,3,3,watermark
4175,E,79,1,4,thumbnail
4176,E,223,25,4,resize
4177,E,457,19,5,watermark
4178,E,23,4,5,thumbnail
4179,F,174,17,4,compress
4180,G,69,28,2,resize
4181,H,248,13,1,compress
4182,F,380,21,4,policy_check
4183,D,63,24,4,policy_check
4184,E,330,22,4,resize
4185,C,81,15,1,watermark
4186,E,355,5,5,watermark
4187,D,477,19,2,resize
4188,D,272,3,2,transcode
4189,F,299,23,3,resize
4190,B,430,16,3,policy_check
4191,A,213,2,3,crop
4192,D,242,28,4,resize
4193,E,193,1,2,transcode
4194,A,441,30,2,crop
4195,E,379,14,1,watermark
4196,D,53,5,3,policy_check
4197,E,253,4,2,policy_check
4198,F,162,10,2,resize
4199,B,285,21,1,compress
4200,A,183,18,2,thumbnail
4201,A,319,22,2,crop
4202,E,93,8,5,resize
4203,B,104,24,5,transcode
4204,G,12,25,1,thumbnail
4205,G,115,17,3,policy_check
4206,H,56,13,3,compress
4207,D,10,15,4,thumbnail
4208,D,455,25,3,crop
4209,H,281,28,5,crop
4210,E,62,2,4,thumbnail
4211,D,307,18,5,transcode
4212,A,298,19,5,policy_check
4213,C,365,4,5,compress
4214,E,143,9,4,crop
4215,C,2,9,4,watermark
4216,D,317,15,4,transcode
4217,H,33,28,4,policy_check
4218,D,453,6,1,thumbnail
4219,B,210,29,1,watermark
4220,H,45,4,3,transcode
4221,A,214,1,2,policy_check
4222,E,252,27,2,crop
4223,A,17,10,4,policy_check
4224,C,316,16,4,transcode
4225,G,410,4,5,policy_check
4226,G,302,30,5,resize
4227,G,390,4,3,policy_check
4228,C,221,19,1,transcode
4229,H,4,15,4,transcode
4230,B,52,15,5,compress
4231,H,49,7,3,resize
4232,G,249,17,2,transcode
4233,C,465,30,2,compress
4234,F,152,9,5,compress
4235,G,144,20,4,compress
4236,A,246,14,1,crop
4237,B,458,21,4,crop
4238,F,474,6,5,transcode
4239,B,275,18,5,watermark
4240,A,472,20,4,transcode
4241,F,292,6,1,resize
4242,G,493,26,4,watermark
4243,G,138,1,1,compress
4244,F,252,5,2,compress
4245,E,311,6,4,thumbnail
4246,H,65,22,4,crop
4247,G,344,6,4,policy_check
4248,C,475,7,1,transcode
4249,G,108,10,3,policy_check
4250,D,348,19,1,policy_check
4251,H,245,10,3,compress
4252,H,293,7,5,crop
4253,C,132,26,2,policy_check
4254,C,94,13,3,thumbnail
4255,E,444,15,2,resize
4256,D,387,14,2,compress
4257,C,400,13,2,compress
4258,D,208,19,5,resize
4259,F,377,16,1,crop
4260,F,321,9,1,crop
4261,C,269,15,1,policy_check
4262,E,90,14,5,thumbnail
4263,E,106,21,4,thumbnail
4264,B,486,24,2,compress
4265,B,239,15,5,crop
4266,B,435,8,2,thumbnail
4267,F,300,13,1,thumbnail
4268,H,258,9,1,resize
4269,C,433,16,4,policy_check
4270,G,13,12,3,compress
4271,G,304,17,3,policy_check
4272,D,179,1,2,watermark
4273,E,131,8,5,transcode
4274,F,170,19,2,crop
4275,A,467,19,4,compress
4276,H,48,22,4,thumbnail
4277,A,322,20,1,watermark
4278,E,96,18,3,policy_check
4279,E,78,17,4,policy_check
4280,C,232,8,2,thumbnail
4281,D,129,27,5,policy_check
4282,F,416,19,4,thumbnail
4283,H,15,21,2,policy_check
4284,E,240,13,5,policy_check
4285,F,249,28,3,crop
4286,E,369,18,2,crop
4287,B,359,11,3,compress
4288,B,260,6,3,resize
4289,H,358,19,3,compress
4290,E,420,15,1,transcode
4291,A,478,17,4,resize
4292,C,244,20,5,crop
4293,G,399,10,4,compress
4294,G,385,7,1,transcode
4295,G,79,28,2,watermark
4296,E,361,6,3,crop
4297,H,186,5,2,crop
4298,D,198,18,3,resize
4299,G,116,3,1,crop
4300,G,303,14,2,compress
4301,E,11,29,2,crop
4302,H,115,28,5,thumbnail
4303,D,301,20,5,watermark
4304,B,281,14,1,transcode
4305,C,63,4,4,resize
4306,B,87,4,1,policy_check
4307,B,355,6,5,compress
4308,F,491,29,3,policy_check
4309,H,403,2,4,crop
4310,C,289,12,1,crop
4311,C,81,15,4,thumbnail
4312,C,235,30,3,compress
4313,D,452,13,1,policy_check
4314,C,177,7,1,crop
4315,F,126,30,5,crop
4316,D,200,16,4,policy_check
4317,G,25,16,2,transcode
4318,F,370,30,1,transcode
4319,G,149,24,2,policy_check
4320,A,131,27,3,resize
4321,H,343,13,5,policy_check
4322,F,49,8,2,crop
4323,C,176,2,1,policy_check
4324,F,79,1,4,transcode
4325,B,139,28,3,crop
4326,H,130,28,4,transcode
4327,A,156,7,3,crop
4328,G,215,15,1,crop
4329,B,197,28,1,crop
4330,A,436,22,5,compress
4331,G,413,24,5,compress
4332,A,266,4,2,transcode
4333,H,170,12,1,crop
4334,E,465,4,2,thumbnail
4335,C,161,7,3,crop
4336,F,448,1,2,watermark
4337,D,491,15,5,transcode
4338,B,324,21,4,resize
4339,A,473,11,3,thumbnail
4340,E,308,8,2,watermark
4341,C,112,27,2,crop
4342,H,464,9,3,policy_check
4343,A,460,18,4,resize
4344,D,353,17,5,watermark
4345,H,24,3,2,resize
4346,F,81,22,5,thumbnail
4347,C,256,8,3,policy_check
4348,H,394,20,2,watermark
4349,C,134,12,2,policy_check
4350,G,122,29,1,resize
4351,B,48,12,5,thumbnail
4352,B,9,11,1,transcode
4353,H,478,29,1,resize
4354,H,409,12,4,policy_check
4355,C,283,25,4,thumbnail
4356,D,492,20,2,compress
4357,G,350,17,1,resize
4358,B,367,25,5,compress
4359,A,434,24,5,compress
4360,E,402,11,4,crop
4361,C,121,20,3,transcode
4362,G,88,25,5,thumbnail
4363,F,252,9,1,resize
4364,E,243,13,2,watermark
4365,B,130,12,3,policy_check
4366,C,487,14,4,watermark
4367,F,209,17,2,transcode
4368,D,388,22,3,compress
4369,E,149,19,5,transcode
4370,B,316,5,3,policy_check
4371,C,267,21,3,resize
4372,B,159,11,2,policy_check
4373,G,282,10,5,crop
4374,H,382,14,5,compress
4375,E,494,20,1,policy_check
4376,A,181,25,4,thumbnail
4377,H,457,17,4,thumbnail
4378,G,145,20,3,watermark
4379,B,57,11,1,crop
4380,E,336,24,4,crop
4381,F,432,5,3,thumbnail
4382,A,159,7,5,crop
4383,B,267,27,1,policy_check
4384,C,433,2,2,crop
4385,F,442,7,1,compress
4386,E,379,8,1,resize
4387,G,153,17,2,thumbnail
4388,E,285,12,1,transcode
4389,G,184,20,3,watermark
4390,C,197,27,4,thumbnail
4391,B,201,27,3,thumbnail
4392,G,243,24,2,crop
4393,D,222,19,3,transcode
4394,A,205,30,3,resize
4395,G,26,19,4,policy_check
4396,C,183,23,5,crop
4397,C,76,3,2,watermark
4398,D,148,29,5,policy_check
4399,F,219,10,1,watermark
4400,H,340,12,5,crop
4401,B,83,23,2,transcode
4402,C,395,5,1,compress
4403,C,58,4,2,transcode
4404,B,83,8,2,watermark
4405,E,419,25,4,watermark
4406,B,327,26,2,transcode
4407,E,330,4,1,transcode
4408,G,173,18,2,crop
4409,E,152,18,1,compress
4410,E,271,7,2,watermark
4411,E,185,26,4,resize
4412,C,65,4,1,compress
4413,D,127,14,4,compress
4414,C,487,3,4,watermark
4415,G,1,12,2,transcode
4416,C,390,23,4,thumbnail
4417,A,106,23,5,policy_check
4418,C,73,24,2,watermark
4419,E,201,19,2,transcode
4420,E,284,16,5,crop
4421,F,98,20,3,transcode
4422,D,29,2,1,crop
4423,F,325,8,2,watermark
4424,D,321,26,4,thumbnail
4425,C,268,14,3,crop
4426,E,153,20,4,watermark
4427,G,302,21,3,watermark
4428,C,246,1,2,transcode
4429,F,39,11,4,watermark
4430,F,59,19,5,transcode
4431,B,67,9,2,thumbnail
4432,H,4,10,3,transcode
4433,G,58,25,4,compress
4434,C,258,21,2,crop
4435,A,18,30,1,resize
4436,G,150,1,2,policy_check
4437,H,393,27,4,transcode
4438,E,401,9,2,compress
4439,G,199,1,5,crop
4440,H,176,28,3,thumbnail
4441,F,62,3,3,resize
4442,G,237,20,1,resize
4443,E,219,18,1,compress
4444,A,442,15,5,compress
4445,A,465,28,2,compress
4446,A,255,16,2,watermark
4447,E,487,25,3,resize
4448,C,42,25,1,transcode
4449,B,6,25,3,policy_check
4450,G,8,12,3,watermark
4451,F,170,29,3,watermark
4452,G,265,9,3,compress
4453,F,243,2,2,resize
4454,A,131,16,1,crop
4455,D,59,4,4,policy_check
4456,D,483,27,4,compress
4457,A,272,13,2,policy_check
4458,A,175,22,1,crop
4459,G,118,24,5,resize
4460,G,7,28,1,resize
4461,A,364,2,2,crop
4462,A,443,15,5,watermark
4463,E,129,29,4,resize
4464,A,414,24,5,resize
4465,D,313,17,1,compress
4466,E,309,17,1,watermark
4467,D,209,17,4,compress
4468,C,187,29,4,thumbnail
4469,A,384,22,4,transcode
4470,B,231,8,1,transcode
4471,D,288,19,1,resize
4472,H,58,26,3,policy_check
4473,E,387,22,5,transcode
4474,E,461,11,1,thumbnail
4475,E,153,16,5,crop
4476,E,222,13,2,crop
4477,H,255,11,2,watermark
4478,D,347,30,2,resize
4479,B,263,24,1,watermark
4480,E,109,5,4,resize
4481,A,240,29,1,resize
4482,H,192,23,5,compress
4483,B,412,22,4,resize
4484,A,310,9,4,policy_check
4485,F,352,8,1,crop
4486,B,72,17,5,crop
4487,D,9,8,4,watermark
4488,D,128,11,3,policy_check
4489,A,57,2,5,policy_check
4490,E,148,18,5,resize
4491,A,82,23,3,resize
4492,E,94,15,1,watermark
4493,D,279,26,3,compress
4494,C,164,25,3,crop
4495,F,75,25,4,resize
4496,C,395,27,5,policy_check
4497,A,369,21,4,watermark
4498,C,453,6,4,compress
4499,F,366,9,3,watermark
4500,C,7,16,1,crop
4501,G,293,19,1,watermark
4502,F,57,19,2,resize
4503,F,437,2,3,watermark
4504,D,385,9,4,watermark
4505,H,206,11,3,compress
4506,E,281,7,2,compress
4507,G,103,20,2,transcode
4508,H,186,21,5,crop
4509,E,395,15,2,policy_check
4510,H,32,7,4,watermark
4511,C,422,18,3,watermark
4512,H,8,30,2,compress
4513,A,411,22,4,thumbnail
4514,C,497,6,3,transcode
4515,D,290,4,4,crop
4516,H,228,28,4,policy_check
4517,H,261,27,2,policy_check
4518,D,493,19,4,resize
4519,F,459,25,5,crop
4520,F,155,11,1,resize
4521,A,29,4,4,resize
4522,B,91,5,1,policy_check
4523,C,495,19,2,policy_check
4524,F,298,11,3,transcode
4525,D,291,8,3,crop
4526,E,22,29,5,crop
4527,E,377,30,3,resize
4528,H,295,8,4,compress
4529,B,60,7,4,watermark
4530,A,367,11,1,watermark
4531,B,23,15,2,crop
4532,D,165,21,2,resize
4533,D,165,29,5,resize
4534,G,489,3,1,resize
4535,F,116,10,4,compress
4536,H,494,10,3,thumbnail
4537,B,442,19,1,policy_check
4538,A,405,7,2,watermark
4539,H,176,21,2,watermark
4540,D,497,28,5,resize
4541,G,145,2,2,thumbnail
4542,C,224,24,2,resize
4543,G,458,2,1,thumbnail
4544,D,197,20,5,crop
4545,F,269,13,2,resize
4546,F,448,23,3,crop
4547,C,29,3,1,compress
4548,G,235,1,4,compress
4549,D,260,16,1,policy_check
4550,H,444,22,5,resize
4551,F,261,14,2,transcode
4552,G,346,28,1,resize
4553,G,66,2,5,policy_check
4554,G,34,23,4,compress
4555,A,429,19,3,policy_check
4556,C,367,17,2,thumbnail
4557,C,49,5,1,resize
4558,F,81,9,5,transcode
4559,D,65,4,4,transcode
4560,C,22,23,1,policy_check
4561,E,265,12,5,transcode
4562,E,85,8,2,crop
4563,F,105,21,4,watermark
4564,C,119,13,1,transcode
4565,C,291,15,5,compress
4566,B,3,7,5,watermark
4567,D,85,4,1,compress
4568,F,425,12,4,compress
4569,D,478,24,1,policy_check
4570,A,480,16,5,thumbnail
4571,C,85,12,2,crop
4572,E,84,11,3,watermark
4573,C,333,23,1,transcode
4574,D,418,21,4,transcode
4575,D,495,4,2,policy_check
4576,A,314,25,4,policy_check
4577,D,110,1,4,crop
4578,A,282,30,1,compress
4579,G,140,1,4,compress
4580,E,313,4,5,crop
4581,C,387,6,3,transcode
4582,F,283,17,1,watermark
4583,H,200,23,1,crop
4584,B,23,2,2,thumbnail
4585,E,183,11,2,crop
4586,H,419,17,5,compress
4587,B,245,3,4,watermark
4588,A,89,5,4,crop
4589,E,455,8,5,resize
4590,E,243,20,3,watermark
4591,A,432,13,5,thumbnail
4592,B,482,8,5,transcode
4593,D,302,26,5,transcode
4594,G,289,28,2,resize
4595,E,183,26,2,thumbnail
4596,D,64,10,5,crop
4597,B,102,14,1,thumbnail
4598,H,308,8,2,watermark
4599,B,231,4,2,compress
4600,B,373,2,2,transcode
4601,D,30,23,5,resize
4602,C,28,24,1,thumbnail
4603,H,488,12,2,compress
4604,H,237,25,4,crop
4605,H,26,30,5,transcode
4606,H,147,23,2,policy_check
4607,E,352,30,2,thumbnail
4608,A,391,24,1,policy_check
4609,C,404,13,2,thumbnail
4610,C,473,14,1,resize
4611,H,427,16,1,compress
4612,G,330,21,1,resize
4613,G,268,15,5,compress
4614,F,62,6,1,transcode
4615,H,388,18,1,resize
4616,C,161,25,4,compress
4617,B,239,18,4,compress
4618,D,430,17,1,thumbnail
4619,H,496,27,3,transcode
4620,F,150,5,2,policy_check
4621,D,341,9,1,resize
4622,F,58,14,2,watermark
4623,B,154,9,2,compress
4624,C,323,17,3,crop
4625,D,257,14,4,transcode
4626,E,123,29,5,compress
4627,D,474,3,2,transcode
4628,H,26,30,4,watermark
4629,D,158,13,2,crop
4630,H,23,4,4,resize
4631,D,142,4,4,transcode
4632,E,326,5,2,transcode
4633,F,425,14,3,policy_check
4634,C,394,21,5,resize
4635,F,325,10,2,policy_check
4636,E,196,14,5,crop
4637,G,323,18,4,crop
4638,C,484,22,5,policy_check
4639,B,209,1,4,resize
4640,G,439,29,4,crop
4641,D,119,11,1,crop
4642,A,461,2,4,compress
4643,H,403,30,3,compress
4644,G,161,25,3,policy_check
4645,E,180,21,1,transcode
4646,H,399,24,5,compress
4647,E,459,30,1,thumbnail
4648,B,175,6,1,transcode
4649,G,313,20,1,transcode
4650,E,413,28,4,thumbnail
4651,E,396,15,3,transcode
4652,A,309,21,5,compress
4653,B,48,12,4,crop
4654,H,67,30,3,transcode
4655,A,56,23,1,compress
4656,F,499,20,3,thumbnail
4657,H,31,7,2,crop
4658,C,467,24,3,crop
4659,D,213,17,4,thumbnail
4660,C,457,6,1,crop
4661,D,96,16,1,compress
4662,E,288,29,5,crop
4663,E,213,13,5,transcode
4664,B,470,3,5,thumbnail
4665,G,22,22,2,transcode
4666,B,25,2,2,transcode
4667,G,49,25,3,crop
4668,A,477,22,2,crop
4669,H,434,21,2,resize
4670,E,120,4,1,policy_check
4671,E,62,17,2,resize
4672,H,176,21,2,crop
4673,F,270,9,5,resize
4674,C,453,4,1,compress
4675,C,321,11,1,watermark
4676,E,173,29,1,crop
4677,E,497,9,1,transcode
4678,C,317,13,1,transcode
4679,C,483,18,3,transcode
4680,H,330,20,5,watermark
4681,H,214,4,4,policy_check
4682,H,260,8,2,compress
4683,H,466,18,3,watermark
4684,B,35,12,4,compress
4685,A,14,25,5,crop
4686,B,285,18,2,policy_check
4687,D,482,22,2,resize
4688,G,255,8,1,compress
4689,E,1,19,4,policy_check
4690,A,22,27,5,transcode
4691,D,294,9,1,thumbnail
4692,C,23,27,4,policy_check
4693,B,262,8,2,transcode
4694,F,383,26,4,watermark
4695,H,133,5,5,compress
4696,B,381,26,5,thumbnail
4697,B,370,9,4,resize
4698,H,59,29,4,compress
4699,C,131,17,3,compress
4700,H,67,7,4,policy_check
4701,H,248,12,5,policy_check
4702,A,104,21,2,resize
4703,D,462,1,5,transcode
4704,A,423,1,4,compress
4705,A,485,5,4,policy_check
4706,G,57,27,2,transcode
4707,H,419,24,4,thumbnail
4708,H,93,27,4,thumbnail
4709,C,429,18,2,resize
4710,A,500,8,4,resize
4711,A,264,24,4,compress
4712,F,104,28,3,policy_check
4713,A,243,4,5,crop
4714,H,316,28,5,policy_check
4715,H,372,8,5,thumbnail
4716,B,495,27,4,crop
4717,A,383,22,1,thumbnail
4718,G,100,16,2,compress
4719,D,179,15,1,transcode
4720,C,356,7,5,transcode
4721,H,272,15,2,transcode
4722,A,245,23,4,watermark
4723,H,422,22,2,policy_check
4724,D,484,30,4,compress
4725,E,134,19,5,crop
4726,A,309,28,5,policy_check
4727,A,193,15,2,compress
4728,D,458,19,3,watermark
4729,A,334,8,1,compress
4730,C,477,14,3,transcode
4731,D,143,8,3,policy_check
4732,H,148,11,3,compress
4733,A,483,9,3,transcode
4734,G,264,18,4,watermark
4735,D,29,4,3,watermark
4736,C,278,21,2,thumbnail
4737,H,413,14,5,watermark
4738,C,269,15,5,policy_check
4739,A,209,23,4,watermark
4740,G,261,2,1,resize
4741,A,486,1,2,compress
4742,C,18,1,1,compress
4743,H,322,22,2,watermark
4744,D,118,24,5,transcode
4745,A,105,6,1,compress
4746,H,194,27,5,thumbnail
4747,H,126,15,3,thumbnail
4748,F,153,2,4,policy_check
4749,C,403,12,4,resize
4750,G,375,15,3,crop
4751,H,276,14,4,crop
4752,C,120,4,5,compress
4753,B,330,16,3,watermark
4754,H,381,29,5,watermark
4755,D,438,9,4,crop
4756,H,152,23,2,compress
4757,D,376,2,3,watermark
4758,F,292,23,2,compress
4759,E,352,20,2,compress
4760,G,214,3,2,transcode
4761,H,332,15,4,transcode
4762,G,482,2,5,resize
4763,B,422,30,3,watermark
4764,F,347,9,4,resize
4765,A,278,15,2,compress
4766,G,164,6,1,transcode
4767,D,418,27,2,policy_check
4768,C,198,30,4,watermark
4769,C,336,22,2,thumbnail
4770,H,233,9,1,watermark
4771,F,7,23,2,thumbnail
4772,B,173,20,3,compress
4773,C,143,23,5,compress
4774,E,386,21,1,crop
4775,F,116,30,2,thumbnail
4776,A,123,5,2,resize
4777,E,340,28,5,compress
4778,E,388,9,4,thumbnail
4779,F,25,10,2,compress
4780,B,52,29,2,crop
4781,F,348,1,1,crop
4782,D,450,9,3,thumbnail
4783,C,94,13,1,watermark
4784,B,92,19,3,crop
4785,A,211,30,3,watermark
4786,G,388,1,5,compress
4787,A,300,25,5,crop
4788,B,470,13,5,transcode
4789,G,285,6,3,crop
4790,G,197,17,1,policy_check
4791,F,361,29,5,transcode
4792,A,88,14,4,watermark
4793,H,460,23,3,transcode
4794,G,327,1,2,thumbnail
4795,E,300,1,3,compress
4796,H,329,22,1,compress
4797,C,375,2,5,compress
4798,A,499,2,5,compress
4799,F,500,12,1,compress
4800,A,170,18,1,watermark
4801,B,177,27,3,resize
4802,F,410,5,5,watermark
4803,C,21,3,2,thumbnail
4804,D,447,3,4,watermark
4805,F,223,27,4,watermark
4806,F,266,1,4,crop
4807,F,454,5,1,transcode
4808,D,41,8,2,crop
4809,C,84,7,1,policy_check
4810,G,68,1,5,crop
4811,E,228,13,3,resize
4812,D,218,3,2,thumbnail
4813,E,55,19,3,policy_check
4814,A,387,21,1,watermark
4815,B,372,27,1,watermark
4816,G,109,18,5,policy_check
4817,B,102,24,1,transcode
4818,D,245,27,4,resize
4819,D,229,24,2,resize
4820,B,30,13,2,policy_check
4821,A,31,2,3,thumbnail
4822,D,173,25,1,thumbnail
4823,F,55,21,3,policy_check
4824,G,423,28,5,crop
4825,A,377,7,3,resize
4826,D,274,21,1,watermark
4827,H,118,19,4,crop
4828,E,290,11,3,crop
4829,D,109,21,5,compress
4830,D,160,14,5,crop
4831,D,257,12,3,crop
4832,C,111,29,3,policy_check
4833,E,54,15,4,policy_check
4834,E,394,22,1,resize
4835,B,285,19,5,policy_check
4836,F,82,30,2,transcode
4837,C,317,13,4,transcode
4838,C,230,17,1,crop
4839,B,266,1,1,policy_check
4840,C,268,22,5,watermark
4841,A,191,15,5,resize
4842,G,299,18,2,compress
4843,H,142,4,5,compress
4844,D,324,21,4,watermark
4845,B,435,26,4,compress
4846,D,154,18,3,watermark
4847,D,80,12,2,transcode
4848,E,216,24,4,watermark
4849,D,93,13,4,resize
4850,A,146,8,5,transcode
4851,A,264,15,4,watermark
4852,B,313,8,1,resize
4853,C,100,24,1,policy_check
4854,G,304,4,4,watermark
4855,D,477,2,1,thumbnail
4856,H,27,13,4,transcode
4857,F,56,26,4,thumbnail
4858,B,468,29,3,watermark
4859,H,312,19,2,compress
4860,H,33,24,2,compress
4861,D,368,13,5,compress
4862,D,102,4,2,policy_check
4863,H,288,9,2,watermark
4864,E,361,15,1,policy_check
4865,B,364,22,2,policy_check
4866,G,44,17,2,watermark
4867,F,289,18,2,crop
4868,B,347,15,5,crop
4869,D,94,20,5,thumbnail
4870,D,73,17,3,transcode
4871,E,241,6,5,compress
4872,G,256,21,2,compress
4873,H,317,18,4,compress
4874,A,107,1,5,crop
4875,A,36,25,1,resize
4876,C,201,1,3,crop
4877,H,154,22,4,transcode
4878,H,293,20,4,policy_check
4879,H,268,30,5,resize
4880,B,50,8,1,watermark
4881,G,421,16,2,thumbnail
4882,H,271,1,1,resize
4883,A,61,26,2,watermark
4884,H,35,2,4,compress
4885,A,473,7,5,crop
4886,F,152,29,3,watermark
4887,D,331,9,4,resize
4888,C,4,6,2,resize
4889,H,461,27,2,compress
4890,F,306,23,2,crop
4891,H,91,2,4,policy_check
4892,H,430,23,3,transcode
4893,G,41,3,3,compress
4894,H,202,22,2,resize
4895,A,160,1,4,thumbnail
4896,F,367,14,4,compress
4897,D,9,3,2,crop
4898,C,78,12,2,resize
4899,H,399,6,5,compress
4900,D,262,5,3,policy_check
4901,D,10,20,1,compress
4902,C,132,6,5,compress
4903,F,25,20,5,watermark
4904,E,186,13,4,compress
4905,B,467,13,3,transcode
4906,H,293,24,4,crop
4907,G,417,11,4,compress
4908,B,305,1,5,watermark
4909,E,139,8,5,policy_check
4910,F,355,15,5,watermark
4911,E,52,5,4,compress
4912,E,129,9,1,compress
4913,F,485,30,2,crop
4914,C,416,10,5,compress
4915,F,265,17,5,resize
4916,C,334,14,3,transcode
4917,E,50,13,4,compress
4918,G,46,17,2,resize
4919,H,87,19,4,resize
4920,E,327,1,5,policy_check
4921,C,226,20,5,compress
4922,H,297,4,3,crop
4923,G,487,10,4,thumbnail
4924,A,310,10,2,transcode
4925,H,425,11,4,watermark
4926,D,313,30,2,policy_check
4927,A,326,21,5,policy_check
4928,G,332,4,1,thumbnail
4929,A,202,7,5,transcode
4930,G,255,3,2,crop
4931,D,415,19,2,watermark
4932,E,45,4,4,policy_check
4933,G,427,6,1,thumbnail
4934,B,361,8,2,crop
4935,E,106,11,3,policy_check
4936,B,372,18,1,crop
4937,G,383,6,1,thumbnail
4938,G,181,5,1,resize
4939,B,393,17,3,compress
4940,E,282,30,1,crop
4941,H,428,24,1,resize
4942,A,299,24,2,thumbnail
4943,G,6,29,5,resize
4944,H,335,22,4,watermark
4945,D,346,1,3,policy_check
4946,F,248,19,5,transcode
4947,G,312,8,1,watermark
4948,A,139,15,1,thumbnail
4949,F,357,7,1,transcode
4950,F,371,19,4,thumbnail
4951,A,347,16,1,transcode
4952,C,180,11,4,compress
4953,D,140,24,3,crop
4954,D,5,10,4,watermark
4955,A,234,12,4,thumbnail
4956,G,253,18,2,resize
4957,G,159,4,2,crop
4958,B,209,18,2,policy_check
4959,E,450,15,3,transcode
4960,C,30,14,1,compress
4961,B,262,4,4,policy_check
4962,D,159,9,3,crop
4963,C,7,2,3,compress
4964,H,402,10,4,watermark
4965,A,50,24,4,watermark
4966,E,13,28,5,compress
4967,E,84,28,2,compress
4968,G,201,8,1,compress
4969,H,386,27,3,policy_check
4970,C,386,28,2,transcode
4971,D,415,4,1,crop
4972,E,236,3,2,thumbnail
4973,H,166,26,2,compress
4974,B,168,1,2,resize
4975,B,498,2,3,transcode
4976,G,226,24,5,compress
4977,H,202,24,4,watermark
4978,E,346,21,3,policy_check
4979,C,155,19,3,compress
4980,E,14,1,4,crop
4981,C,430,22,5,transcode
4982,E,146,16,5,crop
4983,F,66,4,5,watermark
4984,E,453,13,2,thumbnail
4985,A,157,14,3,thumbnail
4986,C,97,29,5,compress
4987,D,315,29,1,crop
4988,A,114,17,3,watermark
4989,F,230,11,2,watermark
4990,A,404,13,2,resize
4991,A,61,28,4,thumbnail
4992,E,355,28,1,thumbnail
4993,A,253,4,2,resize
4994,F,235,8,2,policy_check
4995,B,230,12,1,policy_check
4996,E,353,21,1,thumbnail
4997,G,450,23,1,policy_check
4998,C,421,9,4,resize
4999,F,394,12,2,transcode
5000,F,185,11,3,policy_check
5001,B,74,29,1,resize
5002,H,445,29,5,watermark
5003,H,47,29,3,resize
5004,E,341,20,4,watermark
5005,H,324,19,2,crop
5006,H,238,5,2,transcode
5007,B,475,17,1,policy_check
5008,F,422,1,5,thumbnail
5009,G,303,7,2,watermark
5010,F,496,20,3,transcode
5011,F,143,4,5,transcode
5012,F,171,18,4,compress
5013,D,373,3,2,thumbnail
5014,B,117,4,3,watermark
5015,E,408,10,3,watermark
5016,E,288,10,1,compress
5017,E,242,29,3,policy_check
5018,D,258,6,4,compress
5019,H,455,17,5,thumbnail
5020,C,173,9,1,watermark
5021,C,374,7,5,thumbnail
5022,C,275,18,3,compress
5023,A,492,29,2,crop
5024,F,341,30,1,transcode
5025,D,341,1,4,transcode
5026,G,66,9,3,resize
5027,C,263,9,2,transcode
5028,C,161,4,1,compress
5029,C,6,28,4,compress
5030,C,149,18,3,resize
5031,B,393,2,1,transcode
5032,E,497,14,3,thumbnail
5033,B,5,14,4,policy_check
5034,F,12,6,4,watermark
5035,D,454,27,5,watermark
5036,G,450,30,5,thumbnail
5037,C,238,25,2,watermark
5038,G,117,6,4,thumbnail
5039,D,447,27,5,crop
5040,E,113,24,2,compress
5041,G,164,17,3,thumbnail
5042,D,183,24,2,policy_check
5043,D,64,25,5,crop
5044,C,361,23,4,transcode
5045,E,316,28,2,crop
5046,F,98,18,3,thumbnail
5047,B,158,23,3,watermark
5048,A,129,1,5,compress
5049,G,257,25,4,transcode
5050,B,430,18,4,policy_check
5051,A,36,9,2,watermark
5052,D,186,30,2,policy_check
5053,A,112,11,5,transcode
5054,F,36,8,4,watermark
5055,B,266,18,5,transcode
5056,C,38,17,4,policy_check
5057,C,463,1,4,watermark
5058,B,471,5,4,policy_check
5059,D,148,23,3,policy_check
5060,A,27,26,4,watermark
5061,E,468,2,2,watermark
5062,G,445,23,3,watermark
5063,H,372,21,5,crop
5064,C,348,13,2,transcode
5065,D,268,30,4,watermark
5066,H,77,26,2,watermark
5067,D,60,18,3,compress
5068,H,116,15,1,watermark
5069,C,75,28,2,transcode
5070,G,194,3,3,policy_check
5071,B,198,24,1,watermark
5072,E,252,3,4,transcode
5073,G,186,9,5,crop
5074,C,205,14,1,policy_check
5075,H,223,8,5,compress
5076,G,100,4,4,policy_check
5077,G,181,14,1,crop
5078,E,331,3,4,resize
5079,H,8,30,4,thumbnail
5080,F,371,5,3,thumbnail
5081,F,60,1,2,resize
5082,G,130,5,4,transcode
5083,D,350,17,1,crop
5084,C,67,9,4,policy_check
5085,H,205,16,1,thumbnail
5086,B,112,10,5,resize
5087,F,443,21,4,crop
5088,H,232,2,2,compress
5089,B,104,3,4,policy_check
5090,B,74,5,5,watermark
5091,F,303,4,4,thumbnail
5092,E,366,25,3,thumbnail
5093,B,133,4,4,compress
5094,H,441,6,3,watermark
5095,C,78,2,4,watermark
5096,C,242,16,1,thumbnail
5097,F,246,18,3,policy_check
5098,G,388,21,4,crop
5099,B,8,5,4,compress
5100,A,163,7,2,watermark
5101,D,111,25,4,crop
5102,B,243,5,3,thumbnail
5103,C,151,25,3,compress
5104,H,229,10,4,transcode
5105,G,38,7,5,crop
5106,F,9,13,4,thumbnail
5107,B,435,1,2,crop
5108,C,357,12,5,thumbnail
5109,G,480,28,1,resize
5110,B,101,18,2,crop
5111,F,470,13,4,transcode
5112,E,446,25,2,resize
5113,H,270,13,1,crop
5114,H,269,18,3,compress
5115,A,333,16,5,resize
5116,F,221,20,2,policy_check
5117,C,10,25,5,compress
5118,H,383,19,5,policy_check
5119,B,319,3,2,thumbnail
5120,A,12,30,4,resize
5121,A,42,28,2,compress
5122,E,187,21,3,crop
5123,A,262,21,5,thumbnail
5124,F,263,22,2,resize
5125,D,98,29,4,transcode
5126,D,222,7,5,crop
5127,E,89,16,2,watermark
5128,D,445,6,2,compress
5129,H,391,16,2,compress
5130,E,327,13,1,compress
5131,D,255,13,5,resize
5132,C,355,12,4,watermark
5133,A,405,21,5,transcode
5134,A,179,29,4,policy_check
5135,D,142,9,5,crop
5136,A,354,16,1,watermark
5137,B,59,18,5,transcode
5138,G,192,2,2,watermark
5139,E,155,10,3,watermark
5140,F,241,19,1,transcode
5141,F,302,10,4,policy_check
5142,E,438,22,4,crop
5143,B,268,23,4,resize
5144,G,327,3,4,transcode
5145,F,474,25,3,policy_check
5146,C,28,16,5,policy_check
5147,G,330,2,5,crop
5148,G,475,28,3,transcode
5149,F,229,8,1,watermark
5150,D,150,9,3,crop
5151,E,289,2,4,thumbnail
5152,G,166,28,3,thumbnail
5153,A,302,1,2,crop
5154,H,289,5,2,policy_check
5155,F,82,3,4,crop
5156,D,269,9,5,thumbnail
5157,A,99,27,2,watermark
5158,H,116,12,2,watermark
5159,G,253,18,5,transcode
5160,A,410,3,1,thumbnail
5161,A,184,1,1,transcode
5162,A,362,29,3,resize
5163,H,261,14,4,transcode
5164,B,350,10,1,policy_check
5165,F,89,21,2,watermark
5166,B,205,8,5,resize
5167,E,416,27,2,policy_check
5168,D,64,7,1,transcode
5169,D,423,29,2,resize
5170,C,268,25,5,policy_check
5171,G,136,1,3,resize
5172,F,498,30,5,thumbnail
5173,B,203,29,4,watermark
5174,A,181,12,3,resize
5175,F,21,21,5,resize
5176,E,71,5,4,policy_check
5177,B,441,7,3,thumbnail
5178,C,206,15,3,resize
5179,B,399,14,5,compress
5180,F,6,29,2,watermark
5181,A,201,1,4,policy_check
5182,F,18,16,1,resize
5183,D,355,30,1,thumbnail
5184,C,406,9,2,watermark
5185,F,274,4,2,crop
5186,C,120,5,1,policy_check
5187,G,17,3,2,resize
5188,D,375,13,1,watermark
5189,B,98,23,4,policy_check
5190,D,137,13,3,watermark
5191,H,369,16,2,transcode
5192,F,121,18,1,crop
5193,C,223,21,1,transcode
5194,E,205,19,3,watermark
5195,A,110,6,4,policy_check
5196,C,399,8,5,watermark
5197,B,98,12,5,thumbnail
5198,A,200,13,1,watermark
5199,A,189,3,5,transcode
5200,H,181,25,1,policy_check
5201,H,481,26,3,thumbnail
5202,H,386,9,1,compress
5203,H,419,3,2,compress
5204,A,385,7,5,crop
5205,E,300,18,1,policy_check
5206,A,221,29,2,resize
5207,D,296,6,4,thumbnail
5208,D,186,25,4,resize
5209,A,179,17,3,policy_check
5210,D,171,24,3,transcode
5211,H,459,27,4,watermark
5212,G,403,4,3,policy_check
5213,H,288,27,4,transcode
5214,G,165,25,1,thumbnail
5215,D,105,14,5,policy_check
5216,C,417,29,5,resize
5217,B,384,23,4,policy_check
5218,D,490,28,5,watermark
5219,D,227,23,2,policy_check
5220,H,423,6,3,resize
5221,C,478,19,4,policy_check
5222,B,185,6,5,compress
5223,H,209,8,3,compress
5224,C,362,20,4,compress
5225,E,212,17,5,transcode
5226,F,265,5,1,crop
5227,D,254,11,4,crop
5228,F,359,24,2,resize
5229,F,171,8,1,watermark
5230,H,370,30,1,policy_check
5231,F,406,2,1,crop
5232,G,330,28,5,transcode
5233,E,418,19,5,resize
5234,B,15,20,2,crop
5235,H,118,15,3,transcode
5236,C,245,6,3,watermark
5237,D,406,25,4,transcode
5238,E,233,14,3,transcode
5239,E,458,6,3,thumbnail
5240,A,376,3,5,thumbnail
5241,C,232,6,5,policy_check
5242,C,248,25,3,resize
5243,H,26,1,2,policy_check
5244,G,281,25,3,thumbnail
5245,A,410,9,1,thumbnail
5246,G,437,18,5,crop
5247,H,19,26,3,policy_check
5248,A,95,18,4,compress
5249,B,410,28,1,resize
5250,E,451,18,3,transcode
5251,H,47,24,5,compress
5252,A,301,4,3,resize
5253,A,223,4,3,compress
5254,F,168,14,2,crop
5255,H,347,27,4,crop
5256,C,30,2,3,transcode
5257,E,24,18,3,policy_check
5258,B,284,28,1,thumbnail
5259,D,182,8,2,watermark
5260,D,163,30,1,transcode
5261,G,247,8,3,resize
5262,F,393,29,2,policy_check
5263,F,127,21,2,compress
5264,H,341,12,3,resize
5265,B,430,3,3,crop
5266,C,199,21,2,transcode
5267,F,197,24,3,transcode
5268,B,138,8,1,resize
5269,C,240,22,5,crop
5270,A,481,5,4,crop
5271,H,305,18,1,transcode
5272,B,451,12,1,transcode
5273,D,251,10,2,crop
5274,C,400,27,4,crop
5275,C,265,26,2,thumbnail
5276,E,165,7,4,thumbnail
5277,F,108,10,3,crop
5278,B,420,23,1,policy_check
5279,C,465,7,2,compress
5280,D,187,15,4,compress
5281,C,281,15,4,transcode
5282,A,243,5,5,watermark
5283,C,370,19,4,transcode
5284,D,233,8,2,policy_check
5285,A,399,16,2,watermark
5286,B,58,3,3,crop
5287,E,216,17,1,crop
5288,E,119,11,2,crop
5289,A,438,10,5,watermark
5290,D,490,18,2,watermark
5291,G,405,2,4,resize
5292,A,247,27,5,resize
5293,B,414,17,1,crop
5294,A,112,7,1,resize
5295,H,309,8,1,resize
5296,B,408,3,4,crop
5297,A,431,25,5,compress
5298,F,179,24,5,crop
5299,G,167,8,5,watermark
5300,D,53,27,5,policy_check
5301,B,208,18,3,crop
5302,G,480,4,5,policy_check
5303,D,450,7,4,resize
5304,H,421,5,1,crop
5305,B,173,21,5,crop
5306,F,281,15,5,resize
5307,H,496,20,2,thumbnail
5308,C,207,29,1,thumbnail
5309,A,366,4,5,thumbnail
5310,B,32,28,3,transcode
5311,F,162,15,5,thumbnail
5312,H,430,4,1,transcode
5313,A,268,14,5,policy_check
5314,H,335,25,4,compress
5315,E,359,19,3,transcode
5316,E,26,2,4,thumbnail
5317,E,470,5,2,compress
5318,G,104,28,5,resize
5319,H,245,12,2,compress
5320,G,454,19,3,policy_check
5321,F,111,12,1,transcode
5322,F,136,13,1,compress
5323,C,224,7,5,thumbnail
5324,A,320,19,3,watermark
5325,G,64,21,5,resize
5326,D,181,11,3,resize
5327,F,142,3,2,compress
5328,B,424,8,2,resize
5329,H,336,4,3,policy_check
5330,B,236,27,3,thumbnail
5331,E,93,21,1,crop
5332,H,349,16,5,transcode
5333,C,434,19,5,compress
5334,B,221,11,4,policy_check
5335,A,211,10,3,resize
5336,E,308,7,2,watermark
5337,A,457,21,3,resize
5338,D,265,2,2,watermark
5339,E,450,30,4,resize
5340,B,176,12,2,thumbnail
5341,C,204,22,2,compress
5342,A,211,14,2,crop
5343,A,262,19,4,crop
5344,H,433,2,2,policy_check
5345,G,327,3,3,watermark
5346,C,87,7,4,resize
5347,B,218,9,1,thumbnail
5348,D,54,24,1,compress
5349,C,389,30,4,policy_check
5350,B,152,10,3,watermark
5351,B,302,10,2,compress
5352,C,215,8,4,resize
5353,E,1,26,2,resize
5354,B,83,9,1,thumbnail
5355,B,252,28,5,crop
5356,A,374,30,4,crop
5357,B,224,15,2,watermark
5358,A,215,25,2,compress
5359,D,377,27,1,compress
5360,G,68,6,1,transcode
5361,H,66,13,1,crop
5362,F,273,15,5,watermark
5363,D,352,12,4,resize
5364,B,491,11,5,policy_check
5365,F,27,25,2,thumbnail
5366,E,233,5,5,policy_check
5367,E,448,24,2,thumbnail
5368,H,355,11,1,thumbnail
5369,A,231,15,1,transcode
5370,D,86,13,2,thumbnail
5371,A,337,8,3,resize
5372,F,107,12,4,policy_check
5373,C,285,20,2,policy_check
5374,C,495,5,3,policy_check
5375,B,28,20,4,watermark
5376,E,105,18,4,transcode
5377,D,401,7,5,policy_check
5378,H,279,27,2,crop
5379,B,400,4,4,watermark
5380,G,232,25,4,policy_check
5381,D,230,27,5,transcode
5382,F,244,8,4,resize
5383,C,499,4,1,crop
5384,C,60,1,2,crop
5385,C,246,10,4,transcode
5386,E,22,7,4,thumbnail
5387,B,329,7,2,transcode
5388,A,103,28,2,watermark
5389,A,317,9,4,thumbnail
5390,D,133,9,4,transcode
5391,F,40,5,4,transcode
5392,H,159,2,3,watermark
5393,D,353,25,3,crop
5394,G,444,13,5,thumbnail
5395,C,314,25,5,crop
5396,D,128,13,1,policy_check
5397,A,68,24,1,compress
5398,G,423,19,1,compress
5399,C,250,13,5,policy_check
5400,B,162,7,2,thumbnail
5401,B,456,10,1,compress
5402,A,320,10,4,policy_check
5403,A,17,4,5,crop
5404,E,240,12,2,compress
5405,H,411,24,4,crop
5406,C,369,23,1,resize
5407,A,313,2,1,compress
5408,F,102,18,2,resize
5409,G,460,14,4,thumbnail
5410,B,260,5,2,transcode
5411,F,51,14,3,crop
5412,D,393,10,2,policy_check
5413,G,302,2,5,compress
5414,F,98,7,4,policy_check
5415,D,71,2,1,transcode
5416,B,489,1,1,compress
5417,B,267,10,4,policy_check
5418,C,366,12,2,crop
5419,B,457,20,2,compress
5420,E,399,2,2,compress
5421,E,218,25,5,thumbnail
5422,E,16,18,3,crop
5423,F,123,6,3,transcode
5424,D,368,30,3,resize
5425,A,303,2,3,transcode
5426,E,185,1,3,resize
5427,C,432,25,1,thumbnail
5428,B,423,7,4,crop
5429,B,301,19,3,transcode
5430,D,409,8,5,watermark
5431,E,34,20,3,watermark
5432,D,54,8,4,crop
5433,B,203,24,3,resize
5434,A,209,11,3,transcode
5435,F,289,3,1,policy_check
5436,E,343,4,3,watermark
5437,A,396,17,4,transcode
5438,F,365,3,5,compress
5439,D,34,5,4,transcode
5440,G,469,27,2,transcode
5441,E,357,16,3,compress
5442,F,136,5,1,compress
5443,F,136,16,3,transcode
5444,F,416,27,1,transcode
5445,D,291,30,4,policy_check
5446,A,119,4,1,thumbnail
5447,B,102,30,4,compress
5448,C,203,8,3,crop
5449,G,59,1,3,thumbnail
5450,E,153,7,4,compress
5451,E,84,3,4,policy_check
5452,D,98,6,5,compress
5453,F,297,9,3,transcode
5454,G,296,17,5,watermark
5455,C,18,25,4,transcode
5456,D,71,23,5,transcode
5457,B,464,29,4,crop
5458,F,309,29,3,crop
5459,F,126,4,1,thumbnail
5460,G,128,29,4,thumbnail
5461,C,15,4,1,crop
5462,A,73,17,5,transcode
5463,C,126,19,5,thumbnail
5464,F,325,19,3,thumbnail
5465,D,166,3,5,watermark
5466,H,451,9,1,resize
5467,A,372,3,4,policy_check
5468,A,417,15,4,transcode
5469,A,428,6,5,watermark
5470,B,117,4,2,thumbnail
5471,B,138,6,3,thumbnail
5472,C,417,22,2,policy_check
5473,A,210,16,2,crop
5474,B,445,8,1,watermark
5475,E,404,15,2,policy_check
5476,F,89,29,1,transcode
5477,A,262,27,5,policy_check
5478,A,407,3,1,resize
5479,C,66,15,3,compress
5480,D,233,26,5,thumbnail
5481,C,240,13,2,thumbnail
5482,C,307,28,1,transcode
5483,C,341,10,2,crop
5484,B,109,21,3,watermark
5485,H,132,8,4,resize
5486,E,6,8,3,resize
5487,H,75,16,3,transcode
5488,F,111,20,2,policy_check
5489,F,101,18,3,compress
5490,C,310,9,4,compress
5491,A,162,7,2,thumbnail
5492,B,125,10,3,crop
5493,F,86,2,1,resize
5494,E,452,29,2,policy_check
5495,B,186,1,2,policy_check
5496,A,430,10,5,resize
5497,B,227,19,5,watermark
5498,F,322,16,3,watermark
5499,F,146,16,4,thumbnail
5500,D,336,25,4,thumbnail
5501,E,421,10,5,compress
5502,F,15,20,3,resize
5503,A,359,8,2,crop
5504,G,8,2,5,policy_check
5505,A,340,27,1,policy_check
5506,C,237,3,1,transcode
5507,H,435,8,5,resize
5508,G,176,4,1,transcode
5509,G,402,30,3,policy_check
5510,B,183,7,3,policy_check
5511,H,101,7,3,policy_check
5512,G,152,5,4,crop
5513,B,175,23,1,transcode
5514,C,98,22,4,transcode
5515,D,46,11,2,watermark
5516,A,60,8,4,transcode
5517,E,453,10,1,crop
5518,E,194,2,2,thumbnail
5519,B,383,9,4,transcode
5520,F,174,29,3,policy_check
5521,D,479,9,5,resize
5522,E,90,29,3,policy_check
5523,F,105,27,2,resize
5524,D,144,8,1,resize
5525,G,121,15,5,resize
5526,B,224,3,2,crop
5527,E,428,21,4,crop
5528,F,419,14,3,policy_check
5529,D,94,11,2,thumbnail
5530,C,29,10,2,watermark
5531,G,453,2,3,crop
5532,F,425,3,5,transcode
5533,G,52,11,4,compress
5534,C,211,2,2,thumbnail
5535,A,470,13,3,transcode
5536,E,128,10,5,resize
5537,B,299,5,4,compress
5538,D,443,22,1,compress
5539,A,318,12,4,transcode
5540,A,142,19,5,crop
5541,B,325,23,4,thumbnail
5542,E,18,10,4,watermark
5543,C,350,12,4,crop
5544,D,327,14,2,watermark
5545,H,494,10,5,thumbnail
5546,A,352,20,2,policy_check
5547,G,153,24,5,policy_check
5548,H,37,1,2,resize
5549,E,284,14,5,compress
5550,A,412,4,4,thumbnail
5551,G,388,20,3,watermark
5552,G,451,25,5,policy_check
5553,H,246,23,1,transcode
5554,C,192,5,2,crop
5555,H,355,24,4,crop
5556,E,52,5,1,thumbnail
5557,B,410,6,4,watermark
5558,G,261,7,1,resize
5559,G,445,12,5,crop
5560,F,430,8,5,thumbnail
5561,E,11,7,2,transcode
5562,D,215,22,3,crop
5563,A,64,19,4,crop
5564,A,148,4,4,thumbnail
5565,H,388,6,5,thumbnail
5566,C,60,8,1,policy_check
5567,C,382,17,5,crop
5568,A,194,5,1,watermark
5569,A,203,8,3,compress
5570,E,336,26,4,crop
5571,B,428,28,3,watermark
5572,F,16,14,2,watermark
5573,D,427,4,1,watermark
5574,D,125,30,4,crop
5575,F,282,26,1,transcode
5576,D,339,1,1,resize
5577,D,409,18,2,crop
5578,D,332,24,5,transcode
5579,A,398,17,1,thumbnail
5580,E,154,12,2,resize
5581,C,325,2,3,resize
5582,E,355,27,5,crop
5583,C,408,21,1,thumbnail
5584,E,426,4,5,thumbnail
5585,D,117,13,2,policy_check
5586,H,334,23,5,watermark
5587,F,218,22,1,transcode
5588,C,486,25,5,policy_check
5589,B,47,1,5,resize
5590,D,475,16,1,compress
5591,C,287,5,1,transcode
5592,B,266,20,4,thumbnail
5593,D,477,21,3,crop
5594,C,255,1,3,watermark
5595,D,466,28,5,thumbnail
5596,E,286,7,3,crop
5597,E,15,8,3,transcode
5598,A,358,23,3,transcode
5599,E,443,24,3,thumbnail
5600,F,321,23,5,crop
5601,F,328,2,1,policy_check
5602,B,30,30,2,crop
5603,H,260,12,1,crop
5604,A,271,21,3,policy_check
5605,D,99,26,5,watermark
5606,C,15,20,2,crop
5607,H,135,6,5,thumbnail
5608,E,214,28,1,policy_check
5609,D,463,7,2,watermark
5610,A,222,18,4,transcode
5611,D,221,25,4,policy_check
5612,C,25,8,2,policy_check
5613,F,34,27,1,crop
5614,D,147,24,5,watermark
5615,D,358,26,4,policy_check
5616,A,472,6,1,thumbnail
5617,E,5,3,1,crop
5618,A,197,15,5,transcode
5619,A,292,27,2,compress
5620,H,351,3,3,watermark
5621,C,67,13,3,resize
5622,D,411,7,4,resize
5623,H,453,2,2,watermark
5624,A,290,15,5,resize
5625,B,52,13,1,policy_check
5626,C,424,10,4,resize
5627,F,186,16,3,crop
5628,A,408,18,1,crop
5629,H,159,11,5,watermark
5630,A,329,20,2,thumbnail
5631,E,66,9,5,watermark
5632,F,261,11,5,crop
5633,B,151,28,5,watermark
5634,D,136,20,5,transcode
5635,E,174,1,3,thumbnail
5636,E,223,19,1,policy_check
5637,C,195,13,3,thumbnail
5638,A,382,3,2,resize
5639,D,454,22,1,compress
5640,H,123,11,4,policy_check
5641,D,342,20,4,transcode
5642,B,151,14,5,watermark
5643,E,172,12,2,compress
5644,E,237,27,4,transcode
5645,F,112,25,3,watermark
5646,H,103,14,5,thumbnail
5647,B,51,6,4,compress
5648,E,322,26,4,crop
5649,A,10,13,5,watermark
5650,F,497,8,2,crop
5651,H,66,9,5,policy_check
5652,A,127,5,5,crop
5653,H,57,7,5,resize
5654,D,183,9,1,resize
5655,F,71,7,1,crop
5656,E,283,10,3,watermark
5657,F,408,15,2,watermark
5658,B,170,23,3,thumbnail
5659,D,269,25,5,policy_check
5660,D,492,27,1,compress
5661,E,111,21,1,policy_check
5662,C,390,2,1,transcode
5663,G,440,6,2,transcode
5664,D,247,15,1,watermark
5665,H,175,13,3,watermark
5666,G,113,20,2,policy_check
5667,H,314,27,5,crop
5668,D,395,2,4,policy_check
5669,A,233,18,2,watermark
5670,A,262,29,2,resize
5671,B,36,9,5,resize
5672,F,435,26,2,policy_check
5673,D,382,4,3,resize
5674,H,96,8,1,resize
5675,E,68,19,2,crop
5676,F,396,26,1,compress
5677,B,150,8,4,watermark
5678,C,192,7,1,crop
5679,G,75,29,3,thumbnail
5680,D,473,19,4,watermark
5681,D,186,5,5,resize
5682,B,458,12,1,thumbnail
5683,D,259,1,1,compress
5684,A,354,11,3,thumbnail
5685,H,14,16,4,transcode
5686,C,147,21,1,crop
5687,C,352,27,5,thumbnail
5688,D,272,16,3,watermark
5689,F,379,13,4,policy_check
5690,B,395,25,1,transcode
5691,B,14,1,1,resize
5692,B,398,4,5,transcode
5693,H,384,27,1,transcode
5694,C,300,27,2,transcode
5695,F,326,16,1,crop
5696,F,273,8,1,crop
5697,G,259,11,1,crop
5698,E,232,22,5,policy_check
5699,F,430,2,3,watermark
5700,G,202,16,4,transcode
5701,G,159,14,5,compress
5702,D,409,22,5,policy_check
5703,A,465,14,3,policy_check
5704,H,70,16,5,resize
5705,A,335,1,2,compress
5706,A,382,3,4,compress
5707,A,332,7,2,thumbnail
5708,F,473,24,5,policy_check
5709,H,242,21,2,thumbnail
5710,E,300,5,4,policy_check
5711,G,168,13,3,crop
5712,B,377,5,3,crop
5713,F,461,30,5,policy_check
5714,D,35,20,5,compress
5715,H,377,17,4,resize
5716,B,177,10,3,watermark
5717,D,428,8,3,compress
5718,E,441,18,3,compress
5719,C,46,30,3,transcode
5720,E,43,16,5,thumbnail
5721,D,170,19,2,policy_check
5722,C,31,29,5,watermark
5723,G,383,26,2,policy_check
5724,H,155,3,1,thumbnail
5725,G,291,29,5,policy_check
5726,A,44,26,5,watermark
5727,G,339,2,1,watermark
5728,D,254,14,5,compress
5729,G,435,13,2,resize
5730,E,276,23,1,crop
5731,G,487,1,5,compress
5732,A,23,16,3,thumbnail
5733,H,391,16,2,transcode
5734,F,208,1,5,watermark
5735,A,456,3,2,policy_check
5736,C,435,4,5,watermark
5737,E,92,4,3,crop
5738,F,42,28,5,policy_check
5739,G,334,18,3,thumbnail
5740,B,450,15,3,thumbnail
5741,H,176,13,3,watermark
5742,B,193,9,2,transcode
5743,C,38,24,2,thumbnail
5744,G,489,13,5,policy_check
5745,B,153,22,5,resize
5746,B,342,2,2,thumbnail
5747,D,355,9,4,resize
5748,G,2,13,4,watermark
5749,H,292,8,1,watermark
5750,H,295,5,1,policy_check
5751,A,104,28,3,transcode
5752,C,423,19,4,resize
5753,B,276,30,2,crop
5754,A,194,8,3,compress
5755,H,352,22,3,compress
5756,G,292,4,3,policy_check
5757,A,48,12,2,policy_check
5758,B,458,7,5,compress
5759,A,167,3,1,compress
5760,B,296,13,2,watermark
5761,D,45,19,1,resize
5762,G,206,6,1,crop
5763,G,477,18,4,policy_check
5764,A,413,19,4,compress
5765,D,236,18,5,thumbnail
5766,F,61,1,1,resize
5767,C,442,10,4,thumbnail
5768,H,393,13,4,policy_check
5769,G,371,25,3,resize
5770,B,37,8,1,crop
5771,A,66,4,4,watermark
5772,G,9,20,1,compress
5773,D,274,17,2,resize
5774,F,390,3,1,resize
5775,H,390,4,3,compress
5776,A,268,30,5,resize
5777,H,223,30,2,transcode
5778,F,293,17,3,compress
5779,E,209,13,3,compress
5780,B,278,19,1,resize
5781,B,287,14,3,compress
5782,E,338,20,2,crop
5783,B,408,10,5,transcode
5784,A,266,19,3,thumbnail
5785,B,389,2,3,transcode
5786,A,494,2,3,watermark
5787,F,157,22,1,policy_check
5788,C,39,30,2,watermark
5789,B,226,14,2,compress
5790,G,49,6,5,resize
5791,H,496,5,2,compress
5792,E,429,7,1,crop
5793,B,159,25,1,compress
5794,C,235,16,1,thumbnail
5795,C,423,12,1,resize
5796,D,369,24,1,watermark
5797,B,449,10,2,resize
5798,A,430,9,3,transcode
5799,C,278,8,5,transcode
5800,H,205,3,1,watermark
5801,A,250,12,3,watermark
5802,H,297,3,1,resize
5803,A,285,16,5,watermark
5804,H,42,19,1,transcode
5805,A,195,9,3,policy_check
5806,A,22,29,2,thumbnail
5807,E,325,9,4,crop
5808,B,360,23,1,thumbnail
5809,C,98,2,3,policy_check
5810,E,379,19,4,transcode
5811,F,180,19,4,crop
5812,F,442,16,1,transcode
5813,B,312,28,4,thumbnail
5814,B,140,13,3,crop
5815,G,305,6,2,crop
5816,F,165,12,3,thumbnail
5817,F,385,8,2,watermark
5818,C,122,10,5,policy_check
5819,H,166,2,2,resize
5820,C,208,2,3,policy_check
5821,B,214,28,4,transcode
5822,A,168,16,3,policy_check
5823,H,382,10,4,thumbnail
5824,G,336,29,5,thumbnail
5825,B,85,4,1,transcode
5826,E,51,16,5,watermark
5827,B,117,1,3,crop
5828,E,475,8,5,thumbnail
5829,G,151,11,3,compress
5830,E,232,29,3,watermark
5831,G,116,7,4,transcode
5832,D,265,25,4,policy_check
5833,B,379,15,2,transcode
5834,A,282,30,2,crop
5835,E,371,3,1,policy_check
5836,D,183,12,4,transcode
5837,C,37,13,3,transcode
5838,A,465,9,4,transcode
5839,C,367,21,1,compress
5840,G,205,21,1,thumbnail
5841,F,90,28,4,crop
5842,B,154,9,5,resize
5843,E,268,21,2,crop
5844,H,440,25,2,thumbnail
5845,C,40,13,1,watermark
5846,F,326,26,5,policy_check
5847,E,72,4,2,compress
5848,G,235,25,3,policy_check
5849,B,405,14,1,policy_check
5850,D,399,26,4,compress
5851,D,379,21,2,thumbnail
5852,F,479,29,5,thumbnail
5853,D,465,15,4,transcode
5854,E,407,24,1,watermark
5855,F,359,20,5,transcode
5856,E,160,3,3,watermark
5857,E,31,15,5,transcode
5858,A,73,3,2,policy_check
5859,C,327,1,4,transcode
5860,F,64,5,5,crop
5861,H,370,5,1,thumbnail
5862,E,351,13,2,thumbnail
5863,C,381,18,4,thumbnail
5864,G,30,30,3,watermark
5865,B,409,1,3,thumbnail
5866,G,467,28,5,compress
5867,E,401,29,3,compress
5868,B,93,30,3,transcode
5869,F,69,9,2,watermark
5870,B,118,19,3,thumbnail
5871,E,254,24,3,crop
5872,H,138,5,3,resize
5873,G,54,2,1,policy_check
5874,C,448,20,2,transcode
5875,A,187,30,3,crop
5876,E,78,8,4,policy_check
5877,E,484,28,3,policy_check
5878,E,277,27,5,resize
5879,D,207,5,5,resize
5880,B,149,6,4,transcode
5881,G,276,4,3,transcode
5882,A,381,13,4,compress
5883,C,274,3,3,transcode
5884,B,41,21,4,transcode
5885,B,183,19,1,resize
5886,A,129,13,1,policy_check
5887,B,99,29,1,watermark
5888,E,212,30,4,transcode
5889,G,441,9,3,watermark
5890,G,70,14,4,resize
5891,D,434,26,4,thumbnail
5892,A,91,11,4,policy_check
5893,A,382,18,4,resize
5894,B,437,11,1,thumbnail
5895,D,246,9,5,transcode
5896,H,225,8,3,watermark
5897,H,378,24,4,transcode
5898,H,28,28,3,compress
5899,C,29,9,2,thumbnail
5900,D,394,24,1,transcode
5901,B,171,4,2,policy_check
5902,F,273,14,4,watermark
5903,D,7,5,5,thumbnail
5904,G,341,10,5,watermark
5905,F,254,18,5,thumbnail
5906,F,469,12,3,watermark
5907,E,330,5,1,compress
5908,E,256,7,3,transcode
5909,G,264,20,5,thumbnail
5910,G,284,16,2,transcode
5911,D,363,18,3,policy_check
5912,G,296,4,5,thumbnail
5913,G,138,3,1,crop
5914,B,489,11,1,resize
5915,G,20,9,3,compress
5916,A,9,14,2,watermark
5917,C,173,2,1,compress
5918,E,384,30,1,compress
5919,B,247,19,5,policy_check
5920,G,38,1,5,compress
5921,F,400,19,2,crop
5922,C,198,30,4,policy_check
5923,B,218,21,1,thumbnail
5924,F,241,8,4,watermark
5925,H,164,26,2,thumbnail
5926,F,417,25,2,compress
5927,A,112,5,1,resize
5928,D,97,9,2,resize
5929,B,424,24,5,crop
5930,F,411,14,1,transcode
5931,C,374,16,2,resize
5932,A,301,17,4,transcode
5933,D,87,5,3,thumbnail
5934,B,251,17,2,resize
5935,E,42,6,5,thumbnail
5936,D,315,27,5,compress
5937,G,126,11,2,watermark
5938,H,476,6,2,watermark
5939,C,155,2,5,thumbnail
5940,G,86,21,5,thumbnail
5941,F,472,20,3,transcode
5942,G,361,22,1,compress
5943,F,7,28,2,transcode
5944,F,103,30,1,watermark
5945,H,73,14,1,policy_check
5946,A,100,12,2,thumbnail
5947,C,450,27,4,transcode
5948,H,323,16,2,watermark
5949,B,73,14,2,policy_check
5950,H,88,3,3,transcode
5951,B,97,6,4,transcode
5952,G,474,11,5,crop
5953,B,498,5,1,transcode
5954,E,109,17,5,compress
5955,E,406,23,3,thumbnail
5956,A,246,13,4,watermark
5957,B,293,9,1,thumbnail
5958,H,269,20,3,transcode
5959,G,361,23,1,watermark
5960,F,325,8,2,crop
5961,A,489,10,2,compress
5962,E,387,12,1,transcode
5963,H,284,23,1,crop
5964,F,87,2,5,transcode
5965,E,337,10,2,thumbnail
5966,A,31,16,5,resize
5967,D,208,13,3,transcode
5968,H,291,21,1,thumbnail
5969,D,348,9,1,policy_check
5970,C,310,19,5,compress
5971,G,277,1,1,transcode
5972,D,222,27,5,watermark
5973,C,454,13,5,thumbnail
5974,A,147,2,5,watermark
5975,D,325,2,2,transcode
5976,E,336,15,4,thumbnail
5977,H,467,14,3,policy_check
5978,F,491,17,3,policy_check
5979,D,307,23,2,policy_check
5980,B,168,14,3,compress
5981,F,486,30,1,thumbnail
5982,A,30,28,2,resize
5983,A,436,28,2,resize
5984,F,89,29,5,watermark
5985,F,443,23,3,compress
5986,H,125,3,5,thumbnail
5987,H,64,4,2,watermark
5988,E,404,16,5,compress
5989,C,328,9,1,transcode
5990,D,38,19,3,compress
5991,E,97,11,1,transcode
5992,G,328,8,4,watermark
5993,B,411,19,4,watermark
5994,H,25,27,5,transcode
5995,H,460,23,4,thumbnail
5996,H,496,11,5,policy_check
5997,H,120,29,1,thumbnail
5998,H,185,26,1,resize
5999,G,388,27,2,crop
6000,D,160,17,5,transcode
6001,B,1,28,2,resize
6002,E,145,24,1,compress
6003,C,147,23,3,thumbnail
6004,H,418,3,3,watermark
6005,E,390,13,3,compress
6006,F,276,30,3,resize
6007,F,323,15,4,resize
6008,H,449,14,2,thumbnail
6009,H,17,27,1,compress
6010,C,97,5,4,thumbnail
6011,H,169,20,1,watermark
6012,F,496,24,2,thumbnail
6013,A,431,27,2,thumbnail
6014,H,55,23,2,resize
6015,E,292,10,4,resize
6016,C,403,16,2,crop
6017,B,94,7,1,policy_check
6018,D,287,29,5,policy_check
6019,E,64,7,1,compress
6020,A,388,25,1,transcode
6021,A,359,9,1,compress
6022,F,369,30,3,watermark
6023,E,125,16,5,crop
6024,H,333,8,1,policy_check
6025,H,0,5,1,crop
6026,A,130,2,1,policy_check
6027,B,44,26,2,transcode
6028,H,468,17,4,watermark
6029,A,137,15,1,compress
6030,E,378,6,4,thumbnail
6031,H,275,4,2,watermark
6032,E,143,14,4,thumbnail
6033,G,326,17,5,crop
6034,C,457,30,1,policy_check
6035,H,219,2,1,compress
6036,A,480,27,5,policy_check
6037,B,159,2,2,crop
6038,E,493,20,1,crop
6039,E,65,11,3,watermark
6040,H,384,23,2,thumbnail
6041,B,3,7,3,compress
6042,C,202,11,2,crop
6043,E,339,24,2,thumbnail
6044,G,368,11,3,watermark
6045,D,321,28,5,resize
6046,D,151,20,2,thumbnail
6047,G,286,12,3,transcode
6048,A,281,11,5,watermark
6049,D,291,16,2,policy_check
6050,E,20,26,5,resize
6051,E,58,11,3,crop
6052,E,301,29,1,crop
6053,A,23,11,5,crop
6054,H,206,21,1,crop
6055,D,248,7,4,resize
6056,B,462,20,3,thumbnail
6057,C,17,18,3,compress
6058,C,376,9,2,thumbnail
6059,H,232,21,4,policy_check
6060,H,338,10,5,resize
6061,D,296,16,3,compress
6062,F,1,11,2,transcode
6063,E,428,26,3,transcode
6064,C,399,20,5,thumbnail
6065,G,447,25,4,watermark
6066,F,88,21,5,resize
6067,G,492,7,5,policy_check
6068,B,80,15,4,transcode
6069,D,142,1,3,watermark
6070,B,446,4,4,resize
6071,C,138,28,5,thumbnail
6072,D,254,12,4,crop
6073,H,226,30,2,resize
6074,D,478,28,1,policy_check
6075,F,117,21,2,policy_check
6076,D,438,6,3,resize
6077,E,366,24,1,resize
6078,E,231,2,1,policy_check
6079,B,264,16,5,thumbnail
6080,D,489,19,2,thumbnail
6081,C,186,9,1,crop
6082,A,381,24,2,resize
6083,E,244,29,2,transcode
6084,F,375,3,3,policy_check
6085,A,296,3,2,compress
6086,G,474,27,5,resize
6087,C,192,28,1,thumbnail
6088,E,444,20,4,watermark
6089,C,240,26,5,resize
6090,F,35,14,1,resize
6091,G,350,22,5,thumbnail
6092,F,392,18,5,policy_check
6093,B,413,17,3,resize
6094,C,92,2,5,transcode
6095,D,393,18,4,thumbnail
6096,B,182,13,5,crop
6097,D,481,8,4,crop
6098,H,187,30,1,watermark
6099,E,187,6,2,thumbnail
6100,B,259,27,5,policy_check
6101,D,420,9,1,resize
6102,B,390,6,2,thumbnail
6103,G,163,29,5,compress
6104,E,165,22,5,thumbnail
6105,D,441,11,3,watermark
6106,H,234,1,3,thumbnail
6107,B,371,12,1,watermark
6108,A,362,17,2,watermark
6109,F,481,14,3,compress
6110,H,336,21,5,watermark
6111,C,277,15,5,policy_check
6112,B,470,21,1,resize
6113,E,270,1,3,policy_check
6114,D,139,30,4,resize
6115,G,170,13,3,compress
6116,A,63,2,5,resize
6117,H,312,18,5,thumbnail
6118,F,425,2,4,crop
6119,C,47,8,1,resize
6120,E,489,17,1,watermark
6121,D,183,23,3,crop
6122,E,388,13,3,watermark
6123,G,414,4,1,transcode
6124,C,282,1,5,policy_check
6125,A,324,26,1,compress
6126,G,50,1,3,thumbnail
6127,E,395,3,1,compress
6128,A,189,20,4,transcode
6129,C,140,15,5,transcode
6130,H,447,28,4,transcode
6131,E,250,26,5,compress
6132,E,294,25,3,thumbnail
6133,B,377,11,4,transcode
6134,H,207,26,4,thumbnail
6135,F,295,13,2,resize
6136,A,51,14,5,compress
6137,A,223,29,1,policy_check
6138,A,51,15,3,compress
6139,F,66,26,2,policy_check
6140,G,36,5,3,crop
6141,E,156,25,4,transcode
6142,B,377,10,5,watermark
6143,H,154,13,4,resize
6144,E,268,6,4,resize
6145,E,418,11,4,watermark
6146,B,340,14,5,transcode
6147,A,55,3,3,compress
6148,B,356,29,2,watermark
6149,F,394,19,3,transcode
6150,B,186,12,5,resize
6151,G,56,21,2,crop
6152,G,281,2,5,compress
6153,H,494,19,5,compress
6154,A,490,22,4,watermark
6155,E,92,7,2,policy_check
6156,B,280,29,1,watermark
6157,H,297,21,3,thumbnail
6158,E,424,6,5,compress
6159,F,428,12,3,crop
6160,H,464,24,3,resize
6161,D,228,10,2,policy_check
6162,G,139,22,4,crop
6163,A,119,17,2,crop
6164,G,169,28,2,transcode
6165,C,218,5,4,crop
6166,G,30,8,4,transcode
6167,E,353,6,5,policy_check
6168,E,25,22,2,thumbnail
6169,E,100,25,1,policy_check
6170,D,119,20,4,resize
6171,D,65,19,3,crop
6172,B,415,17,2,policy_check
6173,B,243,12,4,crop
6174,F,376,20,4,policy_check
6175,F,205,28,5,crop
6176,D,221,28,4,compress
6177,A,399,13,5,resize
6178,C,313,11,3,crop
6179,A,247,30,1,resize
6180,A,434,26,1,watermark
6181,F,250,3,1,watermark
6182,G,332,7,2,crop
6183,D,79,17,2,resize
6184,H,475,12,1,thumbnail
6185,C,177,26,4,transcode
6186,B,149,17,3,policy_check
6187,F,461,2,5,watermark
6188,D,296,19,2,compress
6189,C,243,27,3,watermark
6190,C,436,30,1,transcode
6191,F,260,8,3,watermark
6192,E,427,3,5,policy_check
6193,F,368,30,3,watermark
6194,G,317,24,4,watermark
6195,C,405,3,4,resize
6196,F,332,26,4,resize
6197,F,217,11,2,watermark
6198,D,485,26,1,transcode
6199,F,166,3,5,policy_check
6200,G,62,26,4,resize
6201,C,190,15,1,resize
6202,E,225,23,3,compress
6203,G,447,26,5,thumbnail
6204,D,443,20,1,compress
6205,E,65,16,1,policy_check
6206,G,280,14,1,policy_check
6207,B,384,27,4,resize
6208,C,310,23,1,watermark
6209,D,166,28,3,compress
6210,D,195,8,2,transcode
6211,D,431,18,1,watermark
6212,E,352,28,1,crop
6213,F,95,8,3,transcode
6214,A,138,14,1,crop
6215,A,29,10,4,policy_check
6216,B,140,24,4,thumbnail
6217,C,415,24,3,transcode
6218,G,273,14,4,watermark
6219,E,147,21,3,policy_check
6220,E,277,4,4,thumbnail
6221,D,91,18,1,compress
6222,B,269,13,2,policy_check
6223,C,295,16,4,transcode
6224,D,113,13,1,crop
6225,E,6,26,2,policy_check
6226,F,418,18,3,watermark
6227,D,202,17,5,thumbnail
6228,E,226,3,1,thumbnail
6229,D,489,17,1,transcode
6230,H,440,27,5,policy_check
6231,D,310,3,3,resize
6232,E,36,12,2,transcode
6233,H,105,27,2,policy_check
6234,C,381,6,3,watermark
6235,A,132,6,3,transcode
6236,D,309,20,2,policy_check
6237,B,283,1,3,resize
6238,D,285,22,4,compress
6239,E,339,29,4,watermark
6240,E,399,26,4,policy_check
6241,B,296,7,2,resize
6242,D,243,16,2,watermark
6243,A,154,27,4,policy_check
6244,B,428,12,1,transcode
6245,C,401,14,1,policy_check
6246,A,93,27,1,compress
6247,D,278,10,5,compress
6248,C,256,24,5,thumbnail
6249,G,441,6,1,compress
6250,A,42,2,3,watermark
6251,G,64,8,1,compress
6252,C,54,3,2,transcode
6253,D,56,8,4,transcode
6254,E,409,2,5,watermark
6255,D,7,18,3,policy_check
6256,C,79,19,2,crop
6257,B,201,30,2,compress
6258,D,418,23,3,resize
6259,G,315,19,3,watermark
6260,E,64,30,2,watermark
6261,G,183,14,2,watermark
6262,A,449,19,5,compress
6263,H,267,7,5,watermark
6264,F,305,5,4,compress
6265,A,228,6,3,compress
6266,D,59,18,4,thumbnail
6267,C,345,25,3,crop
6268,F,490,22,5,compress
6269,H,75,30,4,compress
6270,F,160,7,2,policy_check
6271,F,274,14,4,watermark
6272,A,464,4,1,transcode
6273,A,471,8,2,transcode
6274,F,167,7,1,watermark
6275,C,296,21,2,compress
6276,E,144,13,5,policy_check
6277,G,140,14,3,policy_check
6278,G,110,25,3,watermark
6279,F,38,10,2,crop
6280,B,107,2,2,resize
6281,B,329,27,2,compress
6282,A,427,28,5,transcode
6283,C,272,22,1,transcode
6284,E,459,27,4,crop
6285,D,223,29,3,compress
6286,A,258,18,5,resize
6287,C,322,10,3,thumbnail
6288,H,237,17,3,crop
6289,A,96,15,1,resize
6290,A,444,29,5,compress
6291,F,215,27,2,transcode
6292,B,314,14,1,thumbnail
6293,E,303,2,1,thumbnail
6294,H,143,4,4,thumbnail
6295,G,292,17,3,thumbnail
6296,A,261,30,2,policy_check
6297,B,475,7,4,watermark
6298,B,51,21,1,compress
6299,B,369,22,2,resize
6300,C,170,12,3,watermark
6301,D,164,25,5,watermark
6302,E,303,2,4,transcode
6303,G,261,22,4,policy_check
6304,F,64,28,2,thumbnail
6305,C,443,13,1,compress
6306,B,146,8,4,transcode
6307,D,179,21,5,watermark
6308,F,488,25,3,watermark
6309,E,473,6,5,resize
6310,H,246,6,4,crop
6311,B,372,18,2,resize
6312,G,206,12,1,watermark
6313,E,342,22,2,thumbnail
6314,G,432,15,5,watermark
6315,E,183,15,2,thumbnail
6316,F,360,19,4,compress
6317,G,248,26,1,thumbnail
6318,F,484,26,3,watermark
6319,B,157,21,1,crop
6320,A,54,19,5,compress
6321,F,101,5,1,transcode
6322,D,444,12,4,compress
6323,C,1,1,5,thumbnail
6324,H,118,1,1,thumbnail
6325,E,152,27,1,watermark
6326,A,130,27,2,policy_check
6327,C,157,8,1,thumbnail
6328,C,391,19,2,transcode
6329,E,442,18,4,crop
6330,E,264,3,5,crop
6331,D,51,12,4,thumbnail
6332,E,480,3,4,transcode
6333,B,38,26,2,crop
6334,B,490,9,3,resize
6335,A,431,14,2,transcode
6336,C,302,17,3,watermark
6337,F,494,26,1,watermark
6338,E,139,1,5,compress
6339,F,266,10,1,crop
6340,C,431,22,4,watermark
6341,G,241,19,5,transcode
6342,D,422,20,1,transcode
6343,E,249,29,2,compress
6344,A,291,18,1,policy_check
6345,F,242,24,4,policy_check
6346,F,198,24,3,watermark
6347,D,78,27,3,policy_check
6348,E,376,2,5,transcode
6349,G,333,1,4,crop
6350,C,441,29,4,resize
6351,G,313,14,2,thumbnail
6352,G,110,24,2,resize
6353,F,66,23,5,policy_check
6354,A,438,11,5,compress
6355,G,1,25,4,resize
6356,G,164,30,4,policy_check
6357,F,421,28,3,watermark
6358,A,130,11,1,thumbnail
6359,C,305,26,2,thumbnail
6360,B,272,22,2,compress
6361,F,208,15,2,crop
6362,A,2,19,5,compress
6363,E,96,18,1,policy_check
6364,F,7,2,3,compress
6365,C,7,1,2,transcode
6366,A,474,8,1,thumbnail
6367,F,320,6,5,crop
6368,F,57,6,5,resize
6369,H,254,6,4,policy_check
6370,D,65,22,4,resize
6371,D,84,17,3,resize
6372,G,331,6,1,resize
6373,A,325,20,1,policy_check
6374,A,234,28,4,policy_check
6375,B,476,30,5,crop
6376,G,18,14,4,crop
6377,D,245,11,1,crop
6378,G,282,30,4,thumbnail
6379,A,94,19,1,compress
6380,H,190,4,4,thumbnail
6381,H,18,11,3,resize
6382,E,220,15,4,watermark
6383,D,79,9,1,compress
6384,D,366,15,5,resize
6385,E,361,19,1,resize
6386,F,439,6,5,compress
6387,B,299,15,3,watermark
6388,B,71,14,2,resize
6389,F,451,22,5,policy_check
6390,B,311,27,3,compress
6391,F,491,3,3,compress
6392,B,386,19,4,policy_check
6393,A,379,11,4,resize
6394,G,285,27,4,compress
6395,A,349,26,5,compress
6396,D,404,27,2,resize
6397,G,298,16,1,crop
6398,D,17,30,3,crop
6399,G,267,29,4,compress
6400,E,233,29,1,crop
6401,G,246,23,4,transcode
6402,D,399,22,2,compress
6403,H,39,23,3,policy_check
6404,D,367,19,5,resize
6405,D,275,7,5,policy_check
6406,A,443,24,1,watermark
6407,B,329,6,1,thumbnail
6408,G,233,9,5,thumbnail
6409,D,404,13,2,thumbnail
6410,H,315,3,4,watermark
6411,B,230,23,2,transcode
6412,D,188,21,3,watermark
6413,G,463,15,2,compress
6414,H,456,9,2,resize
6415,C,5,27,2,watermark
6416,A,371,26,3,compress
6417,C,1,8,1,transcode
6418,H,166,14,5,policy_check
6419,D,460,26,5,transcode
6420,D,394,2,2,transcode
6421,D,250,14,4,compress
6422,B,77,16,3,crop
6423,H,213,29,2,resize
6424,H,118,23,5,compress
6425,C,183,16,3,watermark
6426,E,495,2,1,policy_check
6427,F,117,10,1,thumbnail
6428,E,426,18,1,policy_check
6429,D,464,23,4,crop
6430,D,364,26,2,policy_check
6431,E,252,5,1,resize
6432,E,472,18,3,crop
6433,A,355,13,2,thumbnail
6434,B,135,21,3,crop
6435,F,284,1,5,thumbnail
6436,H,315,19,1,crop
6437,F,64,19,5,policy_check
6438,H,10,7,1,crop
6439,D,148,13,1,transcode
6440,F,1,29,4,watermark
6441,D,381,12,5,thumbnail
6442,D,205,2,5,crop
6443,F,226,28,3,transcode
6444,G,481,2,4,thumbnail
6445,B,314,13,3,transcode
6446,C,306,30,2,compress
6447,G,61,14,2,transcode
6448,E,126,14,4,compress
6449,C,206,22,1,thumbnail
6450,F,344,17,3,crop
6451,D,378,20,1,compress
6452,D,371,18,4,transcode
6453,C,374,15,4,thumbnail
6454,C,120,20,5,resize
6455,A,249,18,3,policy_check
6456,E,485,25,3,watermark
6457,C,182,29,4,resize
6458,G,403,17,1,crop
6459,A,400,10,1,compress
6460,B,429,16,2,crop
6461,A,467,13,3,watermark
6462,C,167,24,2,transcode
6463,B,222,22,3,compress
6464,E,415,21,4,watermark
6465,H,219,19,1,compress
6466,F,112,13,4,thumbnail
6467,A,342,13,4,crop
6468,G,493,19,5,crop
6469,C,396,13,4,policy_check
6470,E,349,23,1,watermark
6471,B,463,21,1,compress
6472,E,289,10,4,crop
6473,G,293,22,2,thumbnail
6474,G,203,3,5,policy_check
6475,H,388,22,5,resize
6476,F,309,2,1,crop
6477,E,408,1,3,transcode
6478,C,293,30,4,transcode
6479,C,385,19,5,thumbnail
6480,D,452,6,4,watermark
6481,D,3,23,3,thumbnail
6482,D,467,9,4,crop
6483,C,459,15,3,crop
6484,E,121,6,4,policy_check
6485,B,369,8,1,watermark
6486,E,105,17,5,transcode
6487,C,53,28,1,resize
6488,B,464,15,5,thumbnail
6489,A,408,10,3,crop
6490,D,409,10,1,thumbnail
6491,C,418,18,5,compress
6492,F,72,28,5,transcode
6493,G,28,24,5,watermark
6494,G,414,27,1,compress
6495,G,406,1,1,transcode
6496,E,341,15,2,crop
6497,C,366,2,1,transcode
6498,D,106,30,1,transcode
6499,B,20,16,3,policy_check
6500,C,477,9,2,thumbnail
6501,A,462,3,5,policy_check
6502,G,453,18,4,policy_check
6503,C,368,23,3,transcode
6504,G,304,14,3,crop
6505,A,39,15,5,resize
6506,H,26,8,3,watermark
6507,C,283,12,4,watermark
6508,G,208,3,4,compress
6509,F,464,19,5,policy_check
6510,G,53,25,3,policy_check
6511,H,251,20,4,crop
6512,H,117,19,4,transcode
6513,F,218,27,3,transcode
6514,C,34,26,1,watermark
6515,G,329,26,4,compress
6516,B,148,9,3,thumbnail
6517,E,304,21,2,transcode
6518,B,114,28,3,transcode
6519,F,439,17,4,transcode
6520,F,110,4,5,crop
6521,A,62,27,1,resize
6522,E,104,30,5,compress
6523,G,83,27,5,crop
6524,A,459,21,4,thumbnail
6525,A,295,16,4,resize
6526,C,436,18,2,thumbnail
6527,D,52,4,3,compress
6528,C,287,10,2,crop
6529,B,118,19,5,thumbnail
6530,H,393,9,1,thumbnail
6531,E,195,21,1,thumbnail
6532,A,170,9,5,thumbnail
6533,H,348,1,5,watermark
6534,A,374,10,2,transcode
6535,F,95,12,2,resize
6536,G,466,24,1,policy_check
6537,C,5,21,2,thumbnail
6538,F,392,15,2,transcode
6539,E,174,4,5,thumbnail
6540,E,458,6,2,thumbnail
6541,G,337,28,1,crop
6542,C,433,1,3,thumbnail
6543,D,500,27,2,thumbnail
6544,B,434,18,2,crop
6545,B,24,12,4,watermark
6546,F,176,26,5,thumbnail
6547,E,147,19,4,thumbnail
6548,B,332,26,1,watermark
6549,E,105,26,1,compress
6550,C,151,15,3,compress
6551,F,341,29,1,compress
6552,B,318,30,5,compress
6553,B,204,29,2,policy_check
6554,B,182,12,5,compress
6555,D,85,28,4,crop
6556,D,148,18,1,policy_check
6557,D,454,8,3,compress
6558,A,495,5,1,resize
6559,A,164,29,4,transcode
6560,E,483,3,3,transcode
6561,H,58,26,3,watermark
6562,A,469,30,2,transcode
6563,A,58,26,5,crop
6564,F,436,24,5,resize
6565,A,331,25,4,policy_check
6566,G,337,27,4,transcode
6567,C,347,21,2,watermark
6568,D,79,3,5,policy_check
6569,G,200,16,1,transcode
6570,H,213,18,2,transcode
6571,F,284,9,2,policy_check
6572,H,360,9,1,resize
6573,A,277,11,1,crop
6574,H,373,11,5,policy_check
6575,A,151,13,4,crop
6576,F,216,10,3,resize
6577,C,409,7,3,resize
6578,E,387,24,5,thumbnail
6579,C,83,16,2,resize
6580,A,391,27,4,crop
6581,D,337,10,2,policy_check
6582,G,90,11,2,thumbnail
6583,G,315,18,1,policy_check
6584,E,160,24,3,compress
6585,A,278,4,5,crop
6586,B,98,14,4,watermark
6587,C,473,21,2,policy_check
6588,A,53,6,1,resize
6589,F,402,8,2,watermark
6590,B,97,8,1,thumbnail
6591,E,335,3,4,policy_check
6592,F,330,10,2,transcode
6593,D,418,13,4,transcode
6594,D,182,18,2,watermark
6595,D,51,6,5,compress
6596,A,227,16,2,resize
6597,G,186,27,4,resize
6598,F,108,18,2,crop
6599,G,38,4,3,thumbnail
6600,E,298,18,4,compress
6601,D,267,15,3,policy_check
6602,F,84,16,1,watermark
6603,E,65,4,4,resize
6604,F,415,12,4,compress
6605,D,138,18,2,policy_check
6606,H,359,3,5,crop
6607,C,224,10,5,resize
6608,G,23,17,5,transcode
6609,C,159,2,3,crop
6610,D,74,20,3,crop
6611,B,190,27,4,watermark
6612,D,73,30,3,watermark
6613,E,223,14,4,crop
6614,E,28,8,1,thumbnail
6615,C,13,4,4,resize
6616,C,253,17,5,crop
6617,B,310,5,1,watermark
6618,D,380,28,3,transcode
6619,G,443,16,3,transcode
6620,B,276,14,3,crop
6621,E,112,13,1,thumbnail
6622,E,5,6,2,compress
6623,C,371,18,2,watermark
6624,H,110,2,3,watermark
6625,D,40,1,1,policy_check
6626,F,270,1,1,policy_check
6627,B,134,20,2,resize
6628,G,315,11,1,policy_check
6629,F,169,18,5,resize
6630,D,212,21,1,crop
6631,B,115,16,1,resize
6632,G,35,23,5,watermark
6633,G,60,24,4,thumbnail
6634,B,392,30,4,compress
6635,A,272,2,3,transcode
6636,F,478,3,5,watermark
6637,D,108,6,3,resize
6638,E,441,22,1,resize
6639,E,128,23,3,transcode
6640,G,477,24,1,policy_check
6641,C,329,19,1,transcode
6642,B,190,28,3,compress
6643,B,164,2,2,crop
6644,A,436,12,4,policy_check
6645,G,484,17,5,transcode
6646,B,119,22,5,watermark
6647,A,172,11,4,thumbnail
6648,H,102,15,5,policy_check
6649,G,12,12,5,compress
6650,H,332,27,4,thumbnail
6651,C,478,3,2,policy_check
6652,E,186,1,1,policy_check
6653,F,455,16,4,watermark
6654,G,123,16,2,transcode
6655,F,42,20,1,watermark
6656,G,369,24,5,thumbnail
6657,F,231,26,1,crop
6658,C,203,1,2,thumbnail
6659,E,167,9,1,watermark
6660,D,417,25,3,transcode
6661,D,228,7,4,transcode
6662,E,496,24,5,thumbnail
6663,H,54,11,1,thumbnail
6664,H,89,3,5,policy_check
6665,C,402,20,4,thumbnail
6666,C,96,10,2,thumbnail
6667,F,280,28,5,watermark
6668,B,28,30,5,compress
6669,G,124,26,2,transcode
6670,G,32,3,5,policy_check
6671,C,473,2,4,transcode
6672,A,19,25,5,policy_check
6673,F,341,27,4,transcode
6674,A,6,12,5,watermark
6675,G,32,7,1,crop
6676,C,500,30,2,crop
6677,B,204,2,1,transcode
6678,B,103,26,1,policy_check
6679,A,210,1,5,transcode
6680,B,3,21,4,resize
6681,H,378,7,5,resize
6682,E,453,16,5,transcode
6683,B,43,22,2,compress
6684,B,221,9,3,compress
6685,C,53,9,2,crop
6686,C,424,7,4,compress
6687,D,260,24,5,compress
6688,E,309,24,5,crop
6689,F,193,25,4,watermark
6690,A,445,11,4,crop
6691,G,120,12,2,watermark
6692,E,293,1,3,thumbnail
6693,G,498,29,4,thumbnail
6694,B,464,10,3,thumbnail
6695,F,392,27,5,resize
6696,A,4,10,4,resize
6697,E,21,9,1,transcode
6698,B,224,16,1,policy_check
6699,B,37,10,3,compress
6700,D,295,8,3,resize
6701,F,392,30,2,policy_check
6702,B,316,5,2,resize
6703,E,343,6,5,transcode
6704,F,48,15,4,policy_check
6705,C,75,10,1,resize
6706,C,103,27,3,policy_check
6707,G,182,17,1,watermark
6708,H,152,27,3,crop
6709,F,494,11,3,resize
6710,C,187,2,3,transcode
6711,C,320,11,4,thumbnail
6712,E,51,7,2,resize
6713,C,324,18,1,watermark
6714,E,51,22,4,watermark
6715,A,233,13,4,watermark
6716,C,319,10,1,policy_check
6717,E,139,4,3,watermark
6718,D,42,8,5,resize
6719,G,338,19,1,resize
6720,B,85,3,3,watermark
6721,E,202,20,5,watermark
6722,D,40,23,4,transcode
6723,D,205,16,3,resize
6724,G,267,23,1,watermark
6725,F,329,14,2,policy_check
6726,G,56,25,4,crop
6727,B,363,20,2,crop
6728,F,172,3,3,transcode
6729,F,321,18,4,resize
6730,H,96,1,3,crop
6731,C,258,27,4,resize
6732,G,324,4,2,thumbnail
6733,A,336,18,1,compress
6734,G,152,19,2,watermark
6735,E,454,6,1,policy_check
6736,A,19,12,5,resize
6737,B,97,15,5,thumbnail
6738,G,456,5,2,crop
6739,B,380,23,1,transcode
6740,C,339,22,5,watermark
6741,B,381,12,5,compress
6742,F,229,3,2,thumbnail
6743,F,138,3,3,thumbnail
6744,D,235,21,5,resize
6745,B,53,17,1,thumbnail
6746,F,46,8,5,compress
6747,E,478,2,1,crop
6748,H,239,11,1,thumbnail
6749,D,260,22,2,compress
6750,E,408,7,2,crop
6751,E,372,20,2,transcode
6752,B,341,24,4,transcode
6753,A,310,9,2,policy_check
6754,G,252,28,3,crop
6755,H,228,13,3,crop
6756,G,211,20,5,policy_check
6757,B,1,7,4,compress
6758,G,167,18,1,thumbnail
6759,H,433,3,3,watermark
6760,G,274,26,3,watermark
6761,B,158,25,1,thumbnail
6762,G,179,5,1,policy_check
6763,A,46,24,5,thumbnail
6764,F,195,19,2,thumbnail
6765,E,210,19,4,thumbnail
6766,C,45,19,1,crop
6767,B,424,12,3,transcode
6768,B,418,11,4,compress
6769,G,54,21,3,thumbnail
6770,B,356,2,5,thumbnail
6771,G,100,11,3,policy_check
6772,B,280,3,3,transcode
6773,A,283,27,4,transcode
6774,E,203,26,2,compress
6775,A,203,15,3,crop
6776,D,396,7,1,transcode
6777,H,468,8,1,thumbnail
6778,D,88,18,2,transcode
6779,H,479,28,2,watermark
6780,F,176,15,1,transcode
6781,G,472,1,3,transcode
6782,G,309,19,5,compress
6783,G,310,23,2,crop
6784,C,89,22,1,transcode
6785,A,457,16,1,thumbnail
6786,E,312,23,2,thumbnail
6787,B,499,25,1,watermark
6788,D,60,8,1,resize
6789,B,273,5,4,policy_check
6790,G,464,28,4,watermark
6791,A,217,21,3,thumbnail
6792,F,430,21,4,compress
6793,G,228,25,4,policy_check
6794,C,399,25,2,transcode
6795,A,197,16,3,transcode
6796,G,121,8,4,crop
6797,E,101,4,3,transcode
6798,D,194,22,1,policy_check
6799,B,469,20,2,watermark
6800,H,101,14,2,transcode
6801,H,493,12,5,crop
6802,F,437,24,3,resize
6803,C,5,14,3,policy_check
6804,F,80,5,1,transcode
6805,B,494,4,2,crop
6806,E,22,12,1,crop
6807,D,425,5,2,thumbnail
6808,H,279,1,3,compress
6809,C,39,7,2,watermark
6810,H,22,11,1,resize
6811,G,395,8,1,thumbnail
6812,A,0,26,5,crop
6813,D,424,29,5,crop
6814,A,187,1,4,crop
6815,B,389,5,2,watermark
6816,G,423,4,2,transcode
6817,H,188,5,2,thumbnail
6818,E,226,22,4,watermark
6819,H,277,11,4,resize
6820,A,345,5,3,crop
6821,A,423,11,3,resize
6822,H,189,9,4,crop
6823,C,421,2,1,crop
6824,H,335,18,4,watermark
6825,B,389,15,4,thumbnail
6826,E,421,12,4,watermark
6827,E,68,20,1,transcode
6828,F,175,6,3,thumbnail
6829,F,278,6,2,transcode
6830,A,222,19,3,policy_check
6831,A,274,20,1,watermark
6832,H,398,15,2,transcode
6833,A,185,11,2,compress
6834,G,272,24,5,policy_check
6835,F,312,30,4,thumbnail
6836,G,133,14,5,thumbnail
6837,D,462,3,2,thumbnail
6838,H,16,7,1,compress
6839,B,200,24,2,policy_check
6840,C,79,26,1,watermark
6841,F,166,2,2,watermark
6842,H,109,26,5,watermark
6843,G,7,23,2,crop
6844,E,273,12,1,policy_check
6845,A,93,17,3,transcode
6846,E,171,26,4,policy_check
6847,A,240,23,2,resize
6848,C,161,4,1,watermark
6849,H,295,18,1,resize
6850,H,298,5,5,compress
6851,D,67,2,3,resize
6852,E,226,22,1,policy_check
6853,F,402,23,5,crop
6854,B,279,5,2,resize
6855,E,283,22,4,transcode
6856,C,248,17,4,crop
6857,E,258,24,5,watermark
6858,E,163,29,2,crop
6859,G,327,9,2,watermark
6860,A,406,26,3,watermark
6861,H,1,4,2,resize
6862,E,313,11,2,policy_check
6863,H,427,4,5,policy_check
6864,F,174,29,5,watermark
6865,B,38,11,1,thumbnail
6866,G,32,17,2,transcode
6867,D,334,27,2,thumbnail
6868,A,383,18,3,transcode
6869,E,208,12,4,watermark
6870,F,329,7,2,watermark
6871,G,287,19,5,transcode
6872,A,392,28,4,crop
6873,A,102,13,5,crop
6874,F,217,22,2,transcode
6875,B,242,2,3,resize
6876,F,492,29,1,watermark
6877,D,8,9,5,watermark
6878,B,376,24,1,resize
6879,C,193,27,5,crop
6880,C,361,13,2,watermark
6881,C,350,17,1,thumbnail
6882,D,37,9,2,watermark
6883,A,86,2,5,thumbnail
6884,D,361,25,3,crop
6885,C,251,30,2,transcode
6886,A,111,20,4,watermark
6887,E,260,16,3,watermark
6888,A,459,15,5,transcode
6889,E,173,24,3,compress
6890,A,78,1,3,watermark
6891,B,485,13,3,thumbnail
6892,C,90,29,1,crop
6893,F,483,3,3,resize
6894,G,488,14,5,compress
6895,C,35,25,2,crop
6896,D,459,29,1,watermark
6897,E,446,19,4,crop
6898,C,467,20,1,resize
6899,A,390,29,4,crop
6900,F,179,10,2,crop
6901,C,17,9,5,policy_check
6902,B,486,25,5,compress
6903,F,269,5,5,watermark
6904,C,302,2,5,compress
6905,F,353,6,1,policy_check
6906,G,484,26,3,crop
6907,B,473,30,2,thumbnail
6908,H,17,2,5,watermark
6909,C,128,3,4,thumbnail
6910,D,366,5,1,watermark
6911,F,441,4,1,transcode
6912,A,432,28,4,transcode
6913,F,492,24,3,policy_check
6914,A,232,3,4,crop
6915,F,495,17,5,crop
6916,G,399,27,2,watermark
6917,D,424,30,2,resize
6918,A,303,24,3,policy_check
6919,D,64,16,4,transcode
6920,F,173,19,1,crop
6921,E,17,13,1,crop
6922,H,190,5,4,watermark
6923,C,480,10,5,transcode
6924,D,112,9,4,resize
6925,F,95,29,2,transcode
6926,A,57,19,2,transcode
6927,F,357,17,4,crop
6928,D,246,1,5,resize
6929,G,277,8,2,watermark
6930,G,131,13,1,resize
6931,B,225,25,1,transcode
6932,F,9,29,4,thumbnail
6933,G,348,24,4,compress
6934,C,317,28,3,resize
6935,E,465,4,3,transcode
6936,D,201,17,4,watermark
6937,A,446,11,3,thumbnail
6938,D,453,14,4,watermark
6939,E,191,9,3,watermark
6940,A,38,14,2,thumbnail
6941,A,177,23,1,transcode
6942,G,385,10,1,resize
6943,G,291,28,5,transcode
6944,A,297,3,5,watermark
6945,A,416,29,1,compress
6946,H,494,24,2,transcode
6947,A,91,6,3,thumbnail
6948,E,232,8,2,resize
6949,C,162,3,1,watermark
6950,B,353,13,2,crop
6951,E,331,17,2,thumbnail
6952,A,53,5,2,watermark
6953,C,244,27,2,transcode
6954,C,441,23,4,resize
6955,F,275,5,1,crop
6956,E,38,4,1,crop
6957,C,267,13,1,crop
6958,C,434,10,1,watermark
6959,A,428,11,3,resize
6960,H,381,15,2,crop
6961,C,497,6,1,transcode
6962,C,102,4,4,crop
6963,D,102,30,2,compress
6964,G,284,25,1,thumbnail
6965,A,82,6,3,thumbnail
6966,A,357,11,1,thumbnail
6967,E,90,28,5,crop
6968,C,316,4,5,policy_check
6969,G,91,7,4,crop
6970,C,290,11,5,watermark
6971,A,481,12,3,policy_check
6972,E,473,8,4,transcode
6973,D,148,25,1,thumbnail
6974,B,152,11,4,watermark
6975,B,319,22,4,compress
6976,E,124,18,4,resize
6977,H,479,30,3,crop
6978,D,242,11,1,resize
6979,F,421,6,2,thumbnail
6980,G,357,29,4,compress
6981,C,102,25,4,transcode
6982,H,169,9,4,resize
6983,A,423,12,1,watermark
6984,E,417,13,3,transcode
6985,D,387,15,4,thumbnail
6986,D,270,5,2,policy_check
6987,H,283,29,5,policy_check
6988,D,457,3,1,crop
6989,B,35,25,3,crop
6990,E,258,3,1,crop
6991,H,147,8,2,thumbnail
6992,D,7,23,2,thumbnail
6993,E,456,23,5,policy_check
6994,E,148,12,5,policy_check
6995,G,161,17,1,policy_check
6996,E,273,25,5,crop
6997,G,465,2,1,transcode
6998,E,150,20,4,resize
6999,E,61,28,2,transcode
7000,B,83,8,5,resize
7001,G,113,3,3,resize
7002,H,312,25,3,thumbnail
7003,G,162,21,3,resize
7004,H,259,23,4,crop
7005,A,359,18,4,policy_check
7006,F,203,22,3,watermark
7007,E,486,18,1,transcode
7008,G,407,4,4,policy_check
7009,D,361,4,1,resize
7010,F,262,11,5,policy_check
7011,B,144,26,2,transcode
7012,B,251,13,5,thumbnail
7013,F,99,29,5,crop
7014,B,181,10,5,resize
7015,H,60,4,4,crop
7016,F,32,17,4,crop
7017,F,267,21,2,thumbnail
7018,F,411,10,3,watermark
7019,B,355,18,4,resize
7020,F,320,5,3,thumbnail
7021,C,399,5,1,watermark
7022,A,493,1,2,crop
7023,D,447,9,5,thumbnail
7024,C,326,13,5,transcode
7025,E,178,17,4,thumbnail
7026,D,50,9,3,policy_check
7027,E,22,24,5,crop
7028,E,380,3,4,compress
7029,D,256,5,5,crop
7030,C,4,20,5,watermark
7031,H,269,28,4,crop
7032,B,120,9,2,resize
7033,E,223,29,5,policy_check
7034,B,247,22,4,transcode
7035,C,338,30,2,watermark
7036,A,110,19,1,thumbnail
7037,H,407,7,3,policy_check
7038,C,83,25,1,crop
7039,A,356,30,5,compress
7040,A,88,21,5,transcode
7041,G,339,28,5,transcode
7042,D,323,11,5,resize
7043,G,441,12,2,watermark
7044,G,50,16,3,thumbnail
7045,B,197,25,3,crop
7046,A,14,29,3,thumbnail
7047,A,484,29,3,crop
7048,A,307,3,2,transcode
7049,E,210,21,3,policy_check
7050,H,307,8,4,watermark
7051,H,228,13,5,resize
7052,A,145,9,1,crop
7053,D,337,22,2,resize
7054,H,122,16,5,compress
7055,D,407,26,3,crop
7056,H,469,15,1,compress
7057,B,303,16,4,compress
7058,E,402,10,1,transcode
7059,D,182,3,4,resize
7060,D,427,29,5,crop
7061,H,118,17,1,compress
7062,H,399,20,5,compress
7063,G,61,4,5,resize
7064,G,277,9,2,watermark
7065,F,278,2,5,thumbnail
7066,G,464,1,3,compress
7067,D,270,27,2,transcode
7068,C,370,27,3,compress
7069,H,286,25,4,thumbnail
7070,C,306,11,5,policy_check
7071,B,53,8,4,transcode
7072,C,473,13,3,crop
7073,E,331,4,4,crop
7074,F,133,9,5,policy_check
7075,E,493,29,3,watermark
7076,D,60,16,2,crop
7077,A,166,15,2,compress
7078,F,497,19,2,thumbnail
7079,C,140,18,2,resize
7080,G,155,16,2,compress
7081,A,236,30,2,compress
7082,F,56,15,3,compress
7083,E,246,29,3,resize
7084,C,0,20,2,thumbnail
7085,G,58,9,3,transcode
7086,A,222,16,2,transcode
7087,G,343,30,5,compress
7088,D,385,14,2,thumbnail
7089,D,421,24,2,transcode
7090,B,435,12,3,policy_check
7091,D,248,30,3,transcode
7092,H,290,20,2,compress
7093,C,455,19,1,thumbnail
7094,C,165,28,2,resize
7095,G,202,25,5,thumbnail
7096,G,326,24,3,compress
7097,E,221,3,3,resize
7098,H,53,3,5,resize
7099,C,226,6,1,resize
7100,F,344,12,4,watermark
7101,A,244,15,5,thumbnail
7102,C,471,25,4,thumbnail
7103,D,229,21,4,thumbnail
7104,G,194,10,1,thumbnail
7105,B,213,16,5,thumbnail
7106,B,397,24,4,transcode
7107,D,473,19,2,thumbnail
7108,F,233,21,2,transcode
7109,D,117,22,4,crop
7110,H,243,24,1,thumbnail
7111,A,235,25,5,thumbnail
7112,E,177,6,1,thumbnail
7113,H,88,24,3,policy_check
7114,A,436,1,4,transcode
7115,G,491,8,3,compress
7116,G,100,11,4,watermark
7117,F,21,11,1,transcode
7118,E,445,11,1,transcode
7119,A,325,4,1,transcode
7120,G,151,9,2,crop
7121,C,328,6,2,compress
7122,D,279,26,4,thumbnail
7123,E,143,25,2,thumbnail
7124,H,395,18,1,watermark
7125,E,433,21,1,watermark
7126,A,416,3,5,resize
7127,D,489,13,2,policy_check
7128,G,172,15,3,thumbnail
7129,G,34,28,3,thumbnail
7130,D,276,1,3,transcode
7131,H,34,30,3,thumbnail
7132,F,467,15,3,thumbnail
7133,D,495,22,4,thumbnail
7134,G,217,29,2,policy_check
7135,B,263,23,1,thumbnail
7136,G,9,22,1,crop
7137,H,495,22,2,transcode
7138,F,35,9,2,watermark
7139,H,208,2,1,policy_check
7140,D,184,23,2,transcode
7141,D,282,22,3,transcode
7142,C,449,7,3,transcode
7143,E,28,4,3,transcode
7144,B,38,13,2,policy_check
7145,F,279,14,4,transcode
7146,B,404,30,3,compress
7147,E,144,9,3,compress
7148,B,69,7,1,policy_check
7149,H,274,6,3,transcode
7150,F,12,20,4,policy_check
7151,E,363,26,2,policy_check
7152,B,411,13,2,policy_check
7153,D,160,19,4,resize
7154,D,262,9,4,resize
7155,F,209,9,3,transcode
7156,C,181,28,4,resize
7157,F,227,13,4,policy_check
7158,H,125,28,2,thumbnail
7159,G,235,15,4,transcode
7160,A,415,29,5,watermark
7161,B,16,16,2,policy_check
7162,E,107,4,4,resize
7163,G,321,4,4,thumbnail
7164,B,132,13,2,resize
7165,H,190,16,1,compress
7166,F,59,11,3,compress
7167,A,119,3,5,thumbnail
7168,B,241,8,4,crop
7169,B,60,9,1,crop
7170,G,267,10,2,thumbnail
7171,B,318,5,2,compress
7172,F,88,27,3,transcode
7173,C,490,8,4,resize
7174,G,278,23,4,thumbnail
7175,B,242,19,3,thumbnail
7176,B,345,19,5,thumbnail
7177,F,485,11,2,policy_check
7178,G,81,24,3,compress
7179,F,442,14,4,compress
7180,D,367,13,3,compress
7181,E,191,26,1,resize
7182,E,21,19,4,resize
7183,A,500,2,3,policy_check
7184,A,28,7,1,transcode
7185,A,76,7,5,transcode
7186,E,77,28,3,crop
7187,D,39,24,5,resize
7188,H,117,27,3,watermark
7189,A,2,14,3,crop
7190,G,422,20,5,compress
7191,F,81,26,2,compress
7192,F,209,7,1,compress
7193,B,144,26,2,crop
7194,E,240,15,1,transcode
7195,E,287,30,4,transcode
7196,F,381,1,3,resize
7197,F,439,6,4,thumbnail
7198,D,403,23,4,crop
7199,C,293,2,2,crop
7200,H,448,21,3,compress
7201,A,467,3,2,watermark
7202,H,153,18,1,transcode
7203,C,376,17,3,policy_check
7204,C,140,18,3,watermark
7205,H,427,16,4,crop
7206,E,188,7,5,crop
7207,B,207,3,5,thumbnail
7208,E,21,26,5,compress
7209,G,312,25,2,thumbnail
7210,G,375,17,2,compress
7211,G,442,16,1,crop
7212,B,260,19,2,thumbnail
7213,B,387,21,3,watermark
7214,H,339,29,2,transcode
7215,F,480,19,1,transcode
7216,B,131,6,1,thumbnail
7217,E,346,5,1,resize
7218,H,161,14,4,thumbnail
7219,B,82,10,1,policy_check
7220,D,485,4,2,watermark
7221,C,227,3,3,compress
7222,C,209,6,2,compress
7223,H,110,17,2,transcode
7224,E,385,1,3,watermark
7225,C,70,25,5,watermark
7226,E,177,26,2,crop
7227,B,346,1,4,policy_check
7228,G,269,11,4,watermark
7229,B,62,21,2,policy_check
7230,B,349,3,1,compress
7231,E,330,11,1,compress
7232,F,130,11,5,crop
7233,B,121,7,1,watermark
7234,D,111,14,4,policy_check
7235,G,119,6,2,compress
7236,C,133,4,1,compress
7237,A,5,4,5,compress
7238,G,243,3,3,thumbnail
7239,C,48,25,3,thumbnail
7240,A,430,2,3,transcode
7241,D,453,17,3,thumbnail
7242,C,125,3,5,watermark
7243,G,127,25,4,crop
7244,B,150,29,1,thumbnail
7245,G,197,27,2,compress
7246,H,121,6,5,policy_check
7247,H,399,22,5,watermark
7248,A,21,30,3,thumbnail
7249,E,461,1,4,thumbnail
7250,A,169,7,4,watermark
7251,G,290,4,2,transcode
7252,H,331,27,4,transcode
7253,D,252,19,3,compress
7254,A,465,29,3,resize
7255,F,431,18,1,compress
7256,G,114,18,1,resize
7257,E,229,28,2,compress
7258,E,129,28,4,resize
7259,C,477,29,4,transcode
7260,D,220,28,5,transcode
7261,F,483,26,3,compress
7262,D,254,22,4,compress
7263,B,404,12,2,resize
7264,D,28,21,2,watermark
7265,H,218,23,2,policy_check
7266,G,92,13,5,resize
7267,F,42,20,4,watermark
7268,B,252,14,4,resize
7269,D,278,12,2,resize
7270,A,482,7,5,resize
7271,C,24,20,5,thumbnail
7272,F,471,19,1,policy_check
7273,G,371,27,2,policy_check
7274,D,391,9,5,transcode
7275,F,318,13,3,resize
7276,E,145,18,3,transcode
7277,A,227,28,3,crop
7278,A,363,6,2,watermark
7279,H,259,8,4,watermark
7280,F,402,6,2,thumbnail
7281,D,479,15,1,crop
7282,A,219,25,1,transcode
7283,F,208,9,5,compress
7284,H,167,20,3,resize
7285,A,393,3,2,thumbnail
7286,F,120,10,5,resize
7287,C,330,29,1,watermark
7288,G,421,12,3,policy_check
7289,F,36,8,3,watermark
7290,C,142,18,3,compress
7291,H,188,15,1,crop
7292,C,125,14,3,compress
7293,D,284,26,5,crop
7294,F,437,29,1,crop
7295,A,379,13,1,resize
7296,G,377,11,2,policy_check
7297,C,250,5,5,crop
7298,B,402,9,4,crop
7299,A,162,15,5,watermark
7300,C,432,14,3,thumbnail
7301,G,406,7,4,watermark
7302,G,263,16,3,compress
7303,E,85,8,5,crop
7304,H,452,5,3,compress
7305,H,392,21,1,policy_check
7306,A,384,14,2,resize
7307,B,375,22,1,thumbnail
7308,F,59,19,1,policy_check
7309,H,486,13,3,transcode
7310,B,300,23,1,policy_check
7311,F,473,29,1,watermark
7312,G,482,24,4,watermark
7313,F,436,8,1,compress
7314,F,215,30,3,transcode
7315,A,485,28,4,watermark
7316,C,282,16,5,policy_check
7317,H,355,29,1,compress
7318,A,338,30,4,watermark
7319,B,174,6,2,transcode
7320,C,392,18,4,transcode
7321,A,298,6,1,resize
7322,B,309,5,5,policy_check
7323,B,46,11,5,policy_check
7324,G,358,28,4,compress
7325,E,32,3,4,compress
7326,C,218,4,5,policy_check
7327,E,283,28,3,policy_check
7328,D,286,7,4,resize
7329,F,254,16,2,watermark
7330,G,476,26,5,thumbnail
7331,C,192,7,4,policy_check
7332,H,238,6,3,policy_check
7333,F,64,19,3,thumbnail
7334,F,202,2,3,resize
7335,F,17,10,3,watermark
7336,E,205,25,1,crop
7337,B,200,11,1,resize
7338,C,98,24,5,watermark
7339,E,187,13,5,crop
7340,C,497,12,3,thumbnail
7341,C,89,18,1,transcode
7342,E,322,18,4,crop
7343,G,335,18,2,compress
7344,D,438,27,3,resize
7345,F,500,12,4,policy_check
7346,D,409,16,4,policy_check
7347,A,408,16,5,watermark
7348,F,453,16,1,compress
7349,E,85,13,5,resize
7350,G,382,19,3,compress
7351,G,257,6,5,crop
7352,A,323,27,2,thumbnail
7353,H,447,6,3,watermark
7354,A,291,29,5,policy_check
7355,F,40,18,1,watermark
7356,G,328,30,5,resize
7357,G,474,15,2,transcode
7358,D,278,21,2,crop
7359,D,31,7,5,crop
7360,B,364,7,3,thumbnail
7361,A,35,8,5,thumbnail
7362,C,12,19,1,compress
7363,D,344,29,1,compress
7364,G,479,23,1,policy_check
7365,E,289,18,1,thumbnail
7366,E,416,10,4,watermark
7367,C,114,28,5,watermark
7368,E,481,22,5,thumbnail
7369,C,335,3,1,thumbnail
7370,E,284,22,1,watermark
7371,B,185,17,5,watermark
7372,B,474,17,2,policy_check
7373,F,347,26,2,crop
7374,C,438,5,1,watermark
7375,E,137,29,2,watermark
7376,E,488,13,4,crop
7377,H,450,9,2,transcode
7378,G,238,23,3,compress
7379,H,219,2,1,resize
7380,B,302,14,1,transcode
7381,F,95,17,5,watermark
7382,C,222,3,4,resize
7383,E,154,8,4,transcode
7384,H,480,28,4,crop
7385,A,89,2,3,transcode
7386,D,274,24,3,crop
7387,B,449,22,1,thumbnail
7388,F,386,27,3,watermark
7389,D,160,14,3,policy_check
7390,D,358,26,4,crop
7391,D,237,6,2,transcode
7392,A,21,22,1,watermark
7393,A,196,19,5,compress
7394,E,241,19,1,compress
7395,C,230,21,1,resize
7396,C,32,15,4,transcode
7397,C,234,21,3,policy_check
7398,G,18,13,4,resize
7399,H,346,14,3,thumbnail
7400,B,434,13,2,crop
7401,G,2,30,1,transcode
7402,H,129,7,5,transcode
7403,F,141,27,4,compress
7404,C,209,30,2,resize
7405,A,153,25,2,policy_check
7406,C,163,19,4,crop
7407,D,310,29,2,policy_check
7408,D,304,20,1,transcode
7409,H,187,28,5,watermark
7410,C,77,28,4,transcode
7411,A,162,17,5,resize
7412,E,260,22,1,watermark
7413,D,43,13,2,watermark
7414,G,273,9,4,resize
7415,B,302,18,2,resize
7416,F,226,30,1,thumbnail
7417,G,290,3,1,compress
7418,C,364,17,2,resize
7419,A,29,21,4,transcode
7420,C,176,28,1,policy_check
7421,F,253,26,1,watermark
7422,H,223,29,5,compress
7423,H,72,16,3,thumbnail
7424,G,323,18,1,thumbnail
7425,F,458,9,1,crop
7426,H,351,23,5,policy_check
7427,D,22,8,5,crop
7428,F,177,1,3,thumbnail
7429,E,348,3,5,resize
7430,A,390,1,1,watermark
7431,E,20,16,3,resize
7432,D,351,26,3,thumbnail
7433,E,492,9,2,compress
7434,H,447,14,1,resize
7435,E,271,19,1,transcode
7436,F,322,12,2,watermark
7437,E,287,23,2,resize
7438,A,371,29,1,transcode
7439,C,268,26,5,policy_check
7440,H,109,6,3,watermark
7441,C,11,13,1,watermark
7442,C,152,5,4,transcode
7443,F,211,26,1,crop
7444,A,435,14,2,transcode
7445,G,360,11,2,watermark
7446,G,83,20,5,resize
7447,C,459,25,4,resize
7448,A,286,5,5,policy_check
7449,B,348,6,5,crop
7450,A,37,2,5,transcode
7451,D,426,7,3,policy_check
7452,G,301,20,5,compress
7453,H,367,3,5,policy_check
7454,G,175,13,5,thumbnail
7455,A,466,15,4,transcode
7456,A,269,16,3,compress
7457,D,185,15,5,resize
7458,G,35,11,2,crop
7459,B,333,22,1,policy_check
7460,A,491,17,3,policy_check
7461,D,361,16,3,policy_check
7462,C,407,18,5,compress
7463,G,407,20,2,transcode
7464,B,200,2,1,policy_check
7465,F,357,12,3,thumbnail
7466,B,218,20,1,thumbnail
7467,G,175,23,2,policy_check
7468,G,354,21,4,compress
7469,C,101,12,3,policy_check
7470,F,426,10,3,policy_check
7471,B,421,2,1,thumbnail
7472,A,187,23,4,thumbnail
7473,B,278,23,3,policy_check
7474,D,366,24,4,watermark
7475,B,258,29,5,watermark
7476,C,453,8,4,compress
7477,C,396,23,4,compress
7478,G,399,13,5,crop
7479,B,143,20,3,watermark
7480,C,63,12,3,resize
7481,B,190,11,5,compress
7482,B,412,5,3,transcode
7483,D,246,7,5,thumbnail
7484,B,27,18,2,crop
7485,F,419,17,1,thumbnail
7486,D,250,26,3,policy_check
7487,D,421,9,4,compress
7488,H,220,15,5,transcode
7489,E,194,20,5,watermark
7490,E,15,17,4,watermark
7491,E,81,28,3,watermark
7492,E,193,19,5,resize
7493,B,301,23,5,transcode
7494,F,424,16,3,watermark
7495,F,368,1,4,watermark
7496,B,347,13,4,policy_check
7497,F,379,20,3,thumbnail
7498,H,387,29,2,policy_check
7499,A,81,8,5,crop
7500,F,335,25,1,resize
7501,A,5,11,2,compress
7502,H,183,11,4,watermark
7503,B,482,13,5,resize
7504,B,1,4,2,resize
7505,A,383,20,4,policy_check
7506,H,353,14,3,thumbnail
7507,B,75,19,2,policy_check
7508,A,470,14,3,transcode
7509,E,296,27,4,compress
7510,D,493,4,3,thumbnail
7511,B,368,13,1,resize
7512,B,203,5,4,thumbnail
7513,G,165,30,2,compress
7514,G,419,8,5,compress
7515,D,480,6,2,thumbnail
7516,F,292,22,5,compress
7517,F,135,8,5,compress
7518,H,221,24,1,transcode
7519,H,292,30,4,resize
7520,G,413,28,5,watermark
7521,G,210,14,5,crop
7522,F,22,24,1,crop
7523,C,414,15,5,watermark
7524,B,72,16,1,compress
7525,D,168,16,3,policy_check
7526,E,76,5,2,transcode
7527,F,91,19,2,crop
7528,D,154,3,5,resize
7529,B,128,15,1,crop
7530,D,269,23,5,transcode
7531,H,1,28,1,transcode
7532,B,499,1,1,policy_check
7533,F,114,16,2,watermark
7534,F,213,5,3,compress
7535,G,269,14,3,transcode
7536,A,479,16,4,policy_check
7537,C,465,18,1,resize
7538,F,203,30,2,compress
7539,A,296,4,5,crop
7540,A,332,30,1,policy_check
7541,G,401,11,5,crop
7542,D,374,21,3,watermark
7543,C,165,1,2,crop
7544,F,158,30,5,watermark
7545,A,87,27,3,crop
7546,B,92,18,3,compress
7547,F,390,14,3,watermark
7548,E,151,9,3,compress
7549,G,102,8,1,resize
7550,C,295,11,4,watermark
7551,C,254,1,3,watermark
7552,D,230,21,1,transcode
7553,H,96,20,2,resize
7554,F,166,16,1,resize
7555,H,82,5,2,thumbnail
7556,A,441,10,4,transcode
7557,E,438,27,4,compress
7558,A,3,30,2,watermark
7559,C,71,19,5,resize
7560,F,215,12,3,watermark
7561,E,281,17,1,transcode
7562,B,204,4,5,resize
7563,C,111,9,3,transcode
7564,F,339,5,4,transcode
7565,D,50,19,3,policy_check
7566,E,387,2,1,thumbnail
7567,D,81,20,4,crop
7568,B,342,26,4,policy_check
7569,D,55,6,5,crop
7570,G,367,16,4,crop
7571,D,341,12,1,crop
7572,F,393,10,3,watermark
7573,G,101,10,2,crop
7574,B,310,19,5,policy_check
7575,H,19,6,3,compress
7576,E,229,27,4,crop
7577,C,486,3,4,crop
7578,G,328,20,1,crop
7579,B,5,22,5,crop
7580,A,330,10,5,policy_check
7581,D,440,10,3,compress
7582,H,428,5,1,watermark
7583,C,423,21,5,resize
7584,E,347,6,2,crop
7585,F,459,17,5,transcode
7586,H,137,17,4,transcode
7587,E,180,28,1,thumbnail
7588,E,432,1,1,policy_check
7589,A,408,14,1,watermark
7590,E,236,21,1,watermark
7591,B,266,20,2,policy_check
7592,B,153,14,3,transcode
7593,E,179,19,2,resize
7594,B,217,29,1,transcode
7595,C,236,7,2,policy_check
7596,A,480,4,1,crop
7597,A,419,23,5,thumbnail
7598,C,422,20,5,thumbnail
7599,B,38,19,2,compress
7600,B,437,3,1,thumbnail
7601,G,390,24,1,policy_check
7602,B,460,9,5,transcode
7603,C,30,3,4,crop
7604,G,417,25,5,thumbnail
7605,F,115,28,2,crop
7606,E,365,5,3,watermark
7607,A,435,15,2,transcode
7608,E,82,3,3,policy_check
7609,B,268,3,1,compress
7610,E,120,26,1,transcode
7611,C,363,7,1,thumbnail
7612,G,419,27,3,compress
7613,G,286,19,2,watermark
7614,B,67,8,2,resize
7615,D,380,14,1,compress
7616,C,120,24,3,compress
7617,E,323,18,2,policy_check
7618,E,477,4,2,watermark
7619,H,479,29,4,transcode
7620,D,157,11,5,crop
7621,H,30,26,2,crop
7622,C,195,21,2,crop
7623,F,428,25,4,policy_check
7624,A,262,21,1,crop
7625,C,282,11,4,resize
7626,H,46,25,1,resize
7627,B,436,19,3,compress
7628,B,66,13,3,policy_check
7629,A,95,25,1,watermark
7630,F,235,4,2,policy_check
7631,A,307,3,1,resize
7632,B,190,30,5,policy_check
7633,G,491,15,3,transcode
7634,B,228,8,4,resize
7635,B,277,30,2,thumbnail
7636,E,271,15,4,resize
7637,C,100,10,4,thumbnail
7638,H,119,2,3,compress
7639,E,207,25,4,policy_check
7640,F,329,14,1,transcode
7641,A,94,25,3,resize
7642,C,287,1,3,resize
7643,D,101,7,4,transcode
7644,D,484,27,3,compress
7645,E,415,1,5,transcode
7646,F,493,9,1,watermark
7647,C,309,14,1,transcode
7648,B,252,22,2,crop
7649,H,187,11,4,transcode
7650,G,214,3,5,watermark
7651,D,453,14,1,watermark
7652,H,171,29,1,transcode
7653,D,376,30,2,crop
7654,G,317,1,4,policy_check
7655,F,151,19,4,transcode
7656,D,165,8,2,transcode
7657,G,352,2,1,compress
7658,D,277,7,5,compress
7659,H,465,21,2,resize
7660,F,332,23,5,compress
7661,B,136,3,2,crop
7662,E,163,13,1,thumbnail
7663,H,238,8,3,crop
7664,F,448,14,4,resize
7665,G,485,27,2,crop
7666,B,306,8,2,crop
7667,E,384,16,2,thumbnail
7668,B,483,17,4,compress
7669,A,407,12,1,resize
7670,C,10,22,5,crop
7671,H,50,19,2,policy_check
7672,G,241,10,4,compress
7673,A,392,9,5,resize
7674,H,482,9,2,resize
7675,G,320,16,3,transcode
7676,G,416,17,4,policy_check
7677,H,113,5,2,policy_check
7678,B,402,29,1,resize
7679,F,321,26,3,policy_check
7680,E,18,17,4,policy_check
7681,E,241,24,3,resize
7682,H,260,29,4,policy_check
7683,A,333,7,1,thumbnail
7684,B,60,29,4,resize
7685,G,289,26,2,crop
7686,B,490,11,4,transcode
7687,B,440,6,1,thumbnail
7688,D,400,9,3,resize
7689,D,447,25,2,compress
7690,C,414,2,3,watermark
7691,F,280,7,1,crop
7692,H,150,17,5,policy_check
7693,H,83,23,3,thumbnail
7694,F,325,12,4,resize
7695,C,299,6,4,watermark
7696,E,227,2,2,compress
7697,D,268,26,4,thumbnail
7698,E,465,8,5,compress
7699,C,323,6,4,watermark
7700,B,289,8,2,crop
7701,E,98,17,3,thumbnail
7702,D,473,11,4,policy_check
7703,D,227,13,5,compress
7704,G,194,1,4,resize
7705,B,209,13,4,compress
7706,E,355,12,4,policy_check
7707,F,372,24,2,thumbnail
7708,D,343,5,2,thumbnail
7709,B,279,13,2,crop
7710,C,163,3,1,policy_check
7711,F,121,25,5,compress
7712,A,397,8,4,watermark
7713,B,139,10,4,resize
7714,C,27,19,4,transcode
7715,D,429,15,5,watermark
7716,C,417,20,5,transcode
7717,H,236,13,2,thumbnail
7718,D,293,7,4,policy_check
7719,H,229,21,5,thumbnail
7720,A,81,26,4,crop
7721,A,167,4,2,resize
7722,B,239,19,4,transcode
7723,H,132,13,5,policy_check
7724,B,403,7,3,resize
7725,A,423,30,4,policy_check
7726,C,428,11,3,watermark
7727,A,376,14,4,policy_check
7728,G,399,2,4,thumbnail
7729,H,69,22,4,transcode
7730,H,284,20,2,watermark
7731,C,201,26,2,policy_check
7732,H,162,5,5,thumbnail
7733,F,216,9,3,crop
7734,D,367,12,4,watermark
7735,A,25,2,5,thumbnail
7736,H,203,17,3,crop
7737,B,104,16,2,transcode
7738,G,222,9,5,watermark
7739,G,283,7,5,thumbnail
7740,C,410,29,3,resize
7741,B,392,13,1,resize
7742,F,104,2,5,compress
7743,D,44,29,3,compress
7744,C,6,23,2,policy_check
7745,E,218,14,1,transcode
7746,E,274,4,1,thumbnail
7747,F,225,15,1,policy_check
7748,H,288,10,2,resize
7749,F,273,13,3,crop
7750,G,452,5,3,crop
7751,E,364,25,5,resize
7752,B,27,2,2,transcode
7753,H,150,13,4,watermark
7754,G,43,16,5,transcode
7755,A,185,22,4,watermark
7756,G,206,20,3,crop
7757,E,412,20,5,compress
7758,E,103,19,4,transcode
7759,A,12,22,3,crop
7760,C,382,10,3,crop
7761,H,149,5,2,thumbnail
7762,G,359,18,4,policy_check
7763,H,199,5,4,thumbnail
7764,C,408,22,2,policy_check
7765,A,127,18,1,watermark
7766,G,316,8,2,crop
7767,B,398,27,4,thumbnail
7768,C,426,28,5,thumbnail
7769,H,160,24,3,resize
7770,A,489,10,2,thumbnail
7771,H,99,5,4,policy_check
7772,C,188,13,4,watermark
7773,A,384,1,4,crop
7774,D,96,25,5,transcode
7775,F,463,14,1,crop
7776,A,284,12,3,resize
7777,E,211,14,4,policy_check
7778,A,209,18,3,resize
7779,B,96,10,4,compress
7780,D,109,27,4,crop
7781,B,475,23,4,crop
7782,H,229,6,5,thumbnail
7783,D,104,27,2,watermark
7784,G,56,24,2,transcode
7785,C,50,10,1,compress
7786,B,265,6,2,thumbnail
7787,B,197,2,1,transcode
7788,C,284,18,3,watermark
7789,D,78,1,2,transcode
7790,G,45,20,4,thumbnail
7791,F,197,13,2,watermark
7792,B,264,11,4,resize
7793,B,315,17,4,crop
7794,C,258,6,2,thumbnail
7795,F,279,19,1,resize
7796,F,255,2,5,thumbnail
7797,H,375,9,3,thumbnail
7798,H,145,10,5,resize
7799,A,470,30,2,crop
7800,E,195,4,4,resize
7801,G,211,22,1,crop
7802,G,41,24,3,transcode
7803,C,39,17,2,crop
7804,H,243,6,5,compress
7805,E,377,4,1,resize
7806,F,371,20,4,resize
7807,A,155,19,2,resize
7808,F,182,2,1,resize
7809,F,160,10,1,watermark
7810,F,323,17,4,crop
7811,E,431,10,2,compress
7812,C,63,23,5,thumbnail
7813,C,329,10,4,transcode
7814,E,15,16,2,crop
7815,G,117,17,3,compress
7816,A,179,25,2,thumbnail
7817,F,340,19,3,crop
7818,B,221,7,4,compress
7819,H,485,2,4,transcode
7820,F,94,13,4,watermark
7821,B,419,8,4,thumbnail
7822,A,453,5,4,compress
7823,A,266,19,4,policy_check
7824,F,219,15,5,transcode
7825,E,108,28,3,transcode
7826,B,15,12,3,transcode
7827,B,236,6,3,resize
7828,B,80,14,5,thumbnail
7829,H,451,21,1,crop
7830,D,470,30,3,thumbnail
7831,C,483,3,5,watermark
7832,B,234,2,1,transcode
7833,H,181,27,2,thumbnail
7834,F,26,5,5,thumbnail
7835,B,300,7,1,policy_check
7836,F,206,30,2,policy_check
7837,C,121,16,3,crop
7838,H,119,16,4,resize
7839,B,341,4,4,resize
7840,C,363,30,5,policy_check
7841,G,295,28,5,crop
7842,D,201,13,4,resize
7843,A,226,24,1,resize
7844,A,14,9,2,policy_check
7845,A,396,15,4,watermark
7846,A,237,30,5,transcode
7847,C,353,11,1,resize
7848,G,145,4,5,thumbnail
7849,B,268,17,4,resize
7850,G,71,18,3,policy_check
7851,G,170,12,5,crop
7852,G,117,17,5,compress
7853,G,200,8,1,thumbnail
7854,G,412,12,3,compress
7855,G,399,19,1,crop
7856,E,116,18,1,compress
7857,D,263,21,4,crop
7858,B,299,1,2,thumbnail
7859,A,138,9,2,thumbnail
7860,A,296,8,4,watermark
7861,F,91,29,2,policy_check
7862,E,429,19,4,compress
7863,F,332,19,1,compress
7864,F,185,21,3,transcode
7865,G,166,20,2,compress
7866,C,499,28,3,crop
7867,A,2,27,2,crop
7868,F,221,17,1,compress
7869,A,240,7,1,crop
7870,B,455,15,5,resize
7871,G,373,6,3,crop
7872,D,81,26,5,crop
7873,E,19,19,5,watermark
7874,B,128,2,3,transcode
7875,E,140,29,1,compress
7876,G,171,25,1,resize
7877,H,174,12,1,crop
7878,D,120,29,2,resize
7879,H,327,17,3,watermark
7880,G,203,13,3,transcode
7881,F,135,18,3,resize
7882,A,144,2,4,compress
7883,D,303,3,3,resize
7884,E,240,12,2,transcode
7885,B,160,3,3,crop
7886,F,435,17,2,crop
7887,A,122,16,4,crop
7888,B,40,8,3,crop
7889,C,228,3,4,crop
7890,G,401,15,2,thumbnail
7891,B,269,19,1,transcode
7892,F,209,18,3,resize
7893,D,84,6,1,compress
7894,E,422,18,5,watermark
7895,G,114,10,3,compress
7896,C,303,3,2,transcode
7897,G,287,11,2,crop
7898,B,9,22,4,compress
7899,E,353,9,3,compress
7900,E,223,24,4,crop
7901,C,25,7,2,thumbnail
7902,D,88,29,5,thumbnail
7903,F,45,26,5,crop
7904,D,449,22,5,thumbnail
7905,D,279,22,2,transcode
7906,C,99,12,2,policy_check
7907,G,300,24,2,compress
7908,B,290,20,1,resize
7909,H,24,16,4,thumbnail
7910,D,58,19,3,crop
7911,B,360,17,4,resize
7912,E,366,14,1,transcode
7913,B,37,15,3,resize
7914,H,463,11,5,watermark
7915,G,464,22,1,resize
7916,A,173,21,5,resize
7917,C,73,18,3,compress
7918,B,317,8,4,resize
7919,A,17,26,1,policy_check
7920,D,159,11,5,transcode
7921,B,25,17,4,thumbnail
7922,B,81,30,2,watermark
7923,B,450,16,5,transcode
7924,G,44,5,2,transcode
7925,B,376,28,3,thumbnail
7926,H,226,3,5,watermark
7927,A,324,19,4,compress
7928,C,120,17,4,crop
7929,C,355,12,5,policy_check
7930,G,109,12,5,policy_check
7931,H,86,13,1,policy_check
7932,B,214,10,2,thumbnail
7933,B,42,22,2,compress
7934,F,235,22,3,compress
7935,G,394,22,3,resize
7936,F,221,28,2,policy_check
7937,B,134,27,1,crop
7938,H,184,19,1,transcode
7939,G,133,6,3,resize
7940,H,4,10,3,crop
7941,B,391,10,3,policy_check
7942,F,367,4,2,compress
7943,E,29,12,1,transcode
7944,A,449,11,2,compress
7945,D,269,7,5,transcode
7946,F,190,4,2,resize
7947,G,201,8,2,watermark
7948,B,265,17,5,resize
7949,H,5,15,5,thumbnail
7950,E,412,15,3,watermark
7951,H,454,17,2,watermark
7952,H,355,15,3,thumbnail
7953,E,132,3,4,compress
7954,F,477,5,2,resize
7955,C,251,2,5,resize
7956,F,179,15,4,policy_check
7957,H,363,27,1,compress
7958,G,448,18,3,compress
7959,B,375,8,2,transcode
7960,A,4,21,2,transcode
7961,D,177,28,2,transcode
7962,E,258,6,1,thumbnail
7963,B,272,30,1,transcode
7964,D,438,2,2,resize
7965,H,317,22,2,crop
7966,A,225,6,5,compress
7967,B,290,25,4,compress
7968,A,78,4,2,thumbnail
7969,A,79,10,3,watermark
7970,C,423,18,5,watermark
7971,B,205,27,4,crop
7972,D,318,16,3,transcode
7973,D,463,12,1,resize
7974,H,180,30,5,resize
7975,B,38,7,4,transcode
7976,E,138,4,1,policy_check
7977,C,27,6,1,transcode
7978,A,381,12,3,policy_check
7979,C,393,1,5,policy_check
7980,C,395,3,2,compress
7981,H,356,17,1,thumbnail
7982,G,375,2,5,compress
7983,B,274,20,5,watermark
7984,C,215,25,5,thumbnail
7985,F,490,18,5,transcode
7986,A,164,20,1,crop
7987,F,490,7,4,policy_check
7988,E,95,4,4,resize
7989,H,199,17,4,watermark
7990,D,124,6,3,compress
7991,F,120,13,1,resize
7992,E,162,27,5,crop
7993,G,407,9,2,compress
7994,C,331,1,2,compress
7995,F,307,23,1,policy_check
7996,A,259,26,5,compress
7997,G,105,29,3,thumbnail
7998,E,13,3,1,policy_check
7999,B,32,17,3,thumbnail
8000,B,391,24,5,transcode
8001,E,437,12,3,resize
8002,B,101,3,1,crop
8003,H,288,6,3,thumbnail
8004,H,139,3,5,resize
8005,G,377,16,3,resize
8006,E,97,21,3,compress
8007,H,409,9,4,watermark
8008,A,123,5,5,transcode
8009,F,370,1,4,thumbnail
8010,B,278,11,4,resize
8011,A,124,1,5,watermark
8012,B,243,10,1,transcode
8013,G,218,6,5,resize
8014,H,495,13,3,transcode
8015,B,408,17,4,watermark
8016,B,47,4,4,transcode
8017,B,142,2,2,thumbnail
8018,A,260,26,4,watermark
8019,G,5,13,5,crop
8020,E,410,27,3,compress
8021,C,494,26,5,thumbnail
8022,A,174,30,4,crop
8023,B,472,20,5,thumbnail
8024,D,108,7,2,watermark
8025,A,283,16,2,transcode
8026,B,197,17,1,watermark
8027,F,228,29,5,thumbnail
8028,B,424,18,2,crop
8029,B,327,24,3,transcode
8030,D,421,21,4,crop
8031,F,446,23,5,transcode
8032,F,55,2,4,resize
8033,C,447,18,1,compress
8034,G,36,19,3,transcode
8035,C,488,17,1,thumbnail
8036,F,336,15,1,thumbnail
8037,E,453,18,3,thumbnail
8038,D,471,29,4,policy_check
8039,B,348,12,1,policy_check
8040,A,477,11,2,policy_check
8041,G,70,1,3,resize
8042,E,241,24,1,resize
8043,E,256,11,5,transcode
8044,B,495,17,2,compress
8045,F,397,13,5,resize
8046,F,286,4,3,resize
8047,D,96,6,5,transcode
8048,F,400,21,2,watermark
8049,G,169,16,3,transcode
8050,H,252,15,1,compress
8051,C,154,25,3,watermark
8052,A,268,25,4,watermark
8053,G,240,6,4,policy_check
8054,D,319,2,5,thumbnail
8055,H,96,28,2,compress
8056,C,376,19,5,crop
8057,D,20,29,4,compress
8058,B,126,20,5,resize
8059,A,262,7,3,compress
8060,H,221,4,5,crop
8061,H,269,26,3,resize
8062,D,398,18,5,compress
8063,F,423,27,3,transcode
8064,D,418,26,2,thumbnail
8065,A,151,22,4,policy_check
8066,B,33,13,3,transcode
8067,H,251,17,4,transcode
8068,C,244,19,3,crop
8069,D,273,12,1,transcode
8070,C,212,15,3,watermark
8071,D,143,17,5,thumbnail
8072,B,133,19,5,crop
8073,D,30,17,5,thumbnail
8074,A,280,6,1,thumbnail
8075,F,36,3,2,crop
8076,E,337,23,3,policy_check
8077,E,42,25,2,watermark
8078,A,69,13,4,policy_check
8079,F,425,26,1,compress
8080,D,326,28,2,resize
8081,E,138,6,4,compress
8082,F,42,30,2,transcode
8083,F,411,28,2,watermark
8084,F,454,22,2,crop
8085,E,349,24,1,transcode
8086,H,3,19,3,policy_check
8087,D,268,16,5,resize
8088,G,421,19,1,watermark
8089,F,184,7,4,resize
8090,A,457,8,3,compress
8091,D,389,23,1,thumbnail
8092,C,385,13,3,watermark
8093,H,456,22,4,thumbnail
8094,E,83,16,4,resize
8095,B,29,7,3,policy_check
8096,A,311,25,2,thumbnail
8097,A,353,25,1,transcode
8098,B,73,7,3,resize
8099,H,131,25,1,resize
8100,B,351,27,3,policy_check
8101,C,337,2,2,policy_check
8102,A,238,12,2,watermark
8103,B,46,1,1,thumbnail
8104,C,367,5,3,policy_check
8105,A,343,25,2,compress
8106,G,258,23,1,policy_check
8107,A,333,7,5,transcode
8108,D,254,16,2,crop
8109,B,360,21,2,policy_check
8110,G,150,16,4,watermark
8111,A,272,23,1,watermark
8112,E,414,14,2,compress
8113,G,119,7,3,transcode
8114,B,157,10,3,compress
8115,G,483,24,5,resize
8116,C,120,24,2,resize
8117,H,271,19,2,compress
8118,G,356,21,2,policy_check
8119,H,283,29,2,policy_check
8120,F,68,9,1,compress
8121,B,64,21,4,watermark
8122,G,136,27,4,policy_check
8123,G,46,12,4,crop
8124,B,341,30,3,resize
8125,F,499,11,1,thumbnail
8126,E,318,2,2,thumbnail
8127,H,247,6,4,crop
8128,B,149,9,3,compress
8129,B,468,8,4,compress
8130,A,400,3,1,watermark
8131,H,493,8,2,policy_check
8132,H,470,4,2,watermark
8133,F,474,12,5,resize
8134,E,258,6,2,transcode
8135,E,179,30,2,crop
8136,G,479,19,2,thumbnail
8137,H,133,25,2,transcode
8138,B,294,18,3,transcode
8139,A,266,5,2,thumbnail
8140,H,331,1,3,policy_check
8141,H,390,27,2,compress
8142,E,409,9,1,watermark
8143,H,136,3,5,transcode
8144,A,166,10,2,transcode
8145,E,272,7,1,policy_check
8146,G,285,6,5,policy_check
8147,H,210,27,3,resize
8148,E,124,29,5,resize
8149,B,223,8,3,crop
8150,E,352,4,3,policy_check
8151,E,269,12,3,transcode
8152,G,369,21,2,thumbnail
8153,H,169,15,5,resize
8154,D,336,11,3,crop
8155,F,49,24,2,watermark
8156,B,44,8,2,resize
8157,E,466,24,1,resize
8158,B,413,27,5,resize
8159,G,294,29,3,resize
8160,C,181,27,4,watermark
8161,A,404,7,4,watermark
8162,E,496,7,4,transcode
8163,E,166,25,2,compress
8164,A,55,15,5,thumbnail
8165,H,445,24,5,thumbnail
8166,A,344,15,4,policy_check
8167,C,248,18,5,watermark
8168,E,19,1,1,compress
8169,H,22,25,1,crop
8170,B,192,4,3,compress
8171,H,153,17,5,thumbnail
8172,C,178,13,3,compress
8173,D,146,12,5,compress
8174,D,58,12,1,resize
8175,D,371,16,5,crop
8176,B,442,19,5,resize
8177,H,201,12,3,resize
8178,A,465,4,4,crop
8179,A,88,26,1,transcode
8180,A,190,21,3,policy_check
8181,F,452,13,4,crop
8182,E,422,6,3,watermark
8183,F,62,3,5,watermark
8184,B,332,19,4,compress
8185,H,172,1,5,compress
8186,H,110,14,2,compress
8187,H,65,14,5,thumbnail
8188,A,260,2,5,compress
8189,G,437,17,2,transcode
8190,G,175,15,3,resize
8191,F,30,28,3,thumbnail
8192,B,288,22,3,policy_check
8193,G,314,14,3,thumbnail
8194,G,66,25,4,watermark
8195,H,44,30,4,resize
8196,G,402,19,5,watermark
8197,A,56,29,2,thumbnail
8198,G,319,26,5,thumbnail
8199,H,264,10,4,watermark
8200,B,459,17,1,policy_check
8201,G,356,22,4,resize
8202,G,188,23,2,resize
8203,C,99,17,2,compress
8204,D,96,12,1,crop
8205,C,161,30,2,policy_check
8206,H,200,22,4,resize
8207,G,273,24,2,policy_check
8208,E,40,13,2,thumbnail
8209,H,203,27,4,compress
8210,A,337,25,4,compress
8211,F,373,9,1,thumbnail
8212,A,341,21,5,crop
8213,E,415,5,4,thumbnail
8214,F,108,25,3,policy_check
8215,F,106,26,3,thumbnail
8216,D,154,23,5,crop
8217,B,127,30,1,resize
8218,A,434,14,3,thumbnail
8219,E,189,2,5,compress
8220,D,159,1,5,compress
8221,G,16,22,3,transcode
8222,B,322,9,2,resize
8223,H,111,16,2,resize
8224,A,188,19,1,transcode
8225,B,164,1,1,resize
8226,H,39,5,1,transcode
8227,H,199,12,1,resize
8228,D,380,9,2,watermark
8229,H,154,1,5,compress
8230,C,165,7,3,thumbnail
8231,D,3,5,5,thumbnail
8232,E,244,11,3,crop
8233,D,347,18,1,thumbnail
8234,E,220,11,4,transcode
8235,D,337,22,5,transcode
8236,A,431,17,1,policy_check
8237,D,416,13,4,watermark
8238,C,9,10,4,watermark
8239,C,436,8,4,crop
8240,B,282,16,2,resize
8241,G,422,28,3,policy_check
8242,H,186,17,3,transcode
8243,F,454,4,3,policy_check
8244,D,39,14,1,crop
8245,F,265,12,4,resize
8246,B,200,26,4,compress
8247,E,25,2,3,watermark
8248,E,51,7,1,thumbnail
8249,B,375,20,3,compress
8250,H,5,3,4,crop
8251,F,214,11,1,compress
8252,E,22,19,2,transcode
8253,B,324,27,4,watermark
8254,A,147,7,4,transcode
8255,A,422,8,4,thumbnail
8256,B,414,25,4,watermark
8257,F,150,7,3,crop
8258,E,332,1,2,transcode
8259,H,192,10,5,compress
8260,C,76,3,5,crop
8261,E,128,16,1,watermark
8262,G,197,25,1,compress
8263,D,182,18,2,thumbnail
8264,E,262,15,1,compress
8265,C,474,30,5,crop
8266,G,375,27,4,watermark
8267,E,216,5,3,compress
8268,G,266,25,1,watermark
8269,A,189,15,5,compress
8270,C,495,4,3,crop
8271,E,312,27,5,watermark
8272,G,207,21,5,resize
8273,D,459,19,1,watermark
8274,E,137,16,2,watermark
8275,G,154,30,5,resize
8276,D,323,6,4,resize
8277,C,312,13,2,transcode
8278,H,77,27,1,compress
8279,D,3,2,1,resize
8280,E,79,19,5,transcode
8281,C,424,11,4,compress
8282,F,24,21,4,thumbnail
8283,H,253,18,2,compress
8284,H,22,10,1,compress
8285,H,167,2,1,resize
8286,A,404,5,4,crop
8287,F,181,14,2,crop
8288,G,87,24,2,crop
8289,G,283,7,5,policy_check
8290,H,285,29,3,compress
8291,E,443,4,3,watermark
8292,E,393,15,4,watermark
8293,E,458,9,1,thumbnail
8294,C,244,1,3,thumbnail
8295,C,499,10,2,watermark
8296,E,307,7,1,crop
8297,E,26,17,3,resize
8298,G,278,18,1,crop
8299,E,111,2,4,thumbnail
8300,F,229,13,4,resize
8301,F,205,27,4,thumbnail
8302,G,189,10,5,crop
8303,D,26,2,2,crop
8304,C,478,5,3,resize
8305,C,441,8,5,crop
8306,C,95,2,5,watermark
8307,D,10,8,5,watermark
8308,F,450,28,5,thumbnail
8309,A,403,13,4,transcode
8310,F,205,14,5,transcode
8311,E,261,17,1,transcode
8312,E,70,16,2,compress
8313,G,276,22,1,watermark
8314,E,221,30,3,policy_check
8315,D,4,15,5,thumbnail
8316,A,403,5,4,transcode
8317,B,168,12,2,transcode
8318,F,228,3,4,watermark
8319,C,117,8,3,thumbnail
8320,G,212,22,4,watermark
8321,G,462,24,2,crop
8322,H,157,23,2,resize
8323,C,211,14,3,watermark
8324,C,248,9,5,resize
8325,C,413,19,1,resize
8326,H,94,27,1,thumbnail
8327,F,50,19,4,policy_check
8328,E,436,9,5,compress
8329,D,357,15,2,transcode
8330,B,317,29,4,transcode
8331,C,321,30,2,policy_check
8332,E,95,13,1,compress
8333,C,471,16,2,policy_check
8334,E,278,27,1,resize
8335,E,16,20,5,watermark
8336,B,396,26,3,policy_check
8337,F,495,14,2,watermark
8338,D,23,15,4,transcode
8339,E,273,6,4,compress
8340,D,376,11,3,crop
8341,A,375,14,3,compress
8342,C,90,3,2,compress
8343,H,433,6,5,resize
8344,C,120,13,4,thumbnail
8345,H,417,13,5,policy_check
8346,G,476,13,2,transcode
8347,E,135,24,5,resize
8348,B,262,28,1,transcode
8349,G,157,26,3,transcode
8350,A,83,5,5,compress
8351,E,196,28,3,crop
8352,E,250,2,3,policy_check
8353,E,286,1,3,transcode
8354,H,483,6,5,compress
8355,A,45,20,1,thumbnail
8356,A,242,28,1,compress
8357,B,481,18,3,transcode
8358,F,341,23,4,policy_check
8359,D,329,14,4,resize
8360,H,42,6,2,crop
8361,E,400,10,2,policy_check
8362,C,258,15,5,watermark
8363,B,414,29,2,policy_check
8364,D,76,13,5,compress
8365,H,206,27,4,policy_check
8366,B,63,18,5,compress
8367,G,463,8,5,compress
8368,G,149,14,2,crop
8369,H,191,11,2,watermark
8370,B,435,6,5,transcode
8371,G,319,2,2,watermark
8372,H,361,23,4,resize
8373,D,290,19,4,crop
8374,G,365,15,1,crop
8375,E,363,3,5,resize
8376,C,442,3,3,transcode
8377,F,91,29,5,resize
8378,E,284,17,4,transcode
8379,C,425,17,5,resize
8380,H,174,30,4,policy_check
8381,F,240,25,4,watermark
8382,D,394,21,4,transcode
8383,B,291,3,2,transcode
8384,D,141,15,2,compress
8385,E,464,8,3,transcode
8386,F,385,9,3,compress
8387,D,433,15,5,crop
8388,D,147,8,3,resize
8389,D,62,24,3,watermark
8390,A,380,6,3,resize
8391,D,96,26,2,compress
8392,A,484,7,2,compress
8393,E,442,30,2,crop
8394,F,370,7,4,transcode
8395,C,313,30,3,compress
8396,D,323,18,5,policy_check
8397,E,221,10,1,thumbnail
8398,E,363,2,1,crop
8399,D,452,6,2,crop
8400,B,228,20,4,compress
8401,D,256,25,2,crop
8402,D,262,25,3,watermark
8403,B,117,2,5,thumbnail
8404,B,176,20,5,watermark
8405,H,226,30,4,thumbnail
8406,B,163,23,3,compress
8407,E,145,25,1,resize
8408,A,383,24,4,policy_check
8409,F,350,20,1,thumbnail
8410,G,227,29,2,compress
8411,G,165,4,3,resize
8412,F,299,15,5,crop
8413,B,247,20,3,crop
8414,B,120,22,3,policy_check
8415,A,299,12,1,transcode
8416,H,495,30,1,watermark
8417,D,204,14,2,compress
8418,G,6,4,2,transcode
8419,H,128,14,4,compress
8420,B,123,1,3,resize
8421,E,42,23,1,watermark
8422,D,286,2,3,watermark
8423,A,297,29,2,resize
8424,A,13,23,2,transcode
8425,E,76,10,2,thumbnail
8426,D,30,15,4,compress
8427,C,272,24,3,policy_check
8428,G,255,13,3,watermark
8429,H,51,4,2,crop
8430,E,177,16,4,crop
8431,G,282,5,3,transcode
8432,C,184,10,1,policy_check
8433,D,86,18,5,compress
8434,E,237,21,4,thumbnail
8435,A,74,18,1,crop
8436,G,344,30,2,watermark
8437,D,17,22,5,watermark
8438,C,25,17,1,compress
8439,B,440,7,3,resize
8440,B,385,29,2,thumbnail
8441,E,373,28,2,thumbnail
8442,D,365,11,3,compress
8443,G,304,5,4,policy_check
8444,A,462,7,1,crop
8445,A,469,4,1,resize
8446,A,440,14,5,thumbnail
8447,D,443,12,5,policy_check
8448,F,273,13,2,transcode
8449,C,209,25,1,compress
8450,H,307,9,1,crop
8451,C,391,12,5,resize
8452,E,139,4,2,transcode
8453,F,27,1,5,resize
8454,E,312,24,2,policy_check
8455,E,294,6,4,resize
8456,A,444,26,4,watermark
8457,F,55,11,1,crop
8458,A,389,4,1,policy_check
8459,A,407,1,3,resize
8460,B,147,10,2,transcode
8461,B,404,1,5,resize
8462,E,156,21,3,crop
8463,B,484,18,3,policy_check
8464,E,38,9,4,thumbnail
8465,D,422,3,5,compress
8466,A,103,4,2,transcode
8467,H,422,18,4,resize
8468,H,358,26,4,compress
8469,C,265,16,4,watermark
8470,A,481,20,5,compress
8471,E,271,25,1,resize
8472,F,249,18,1,thumbnail
8473,D,354,10,4,transcode
8474,A,76,21,2,policy_check
8475,A,18,18,5,watermark
8476,B,271,16,3,crop
8477,G,301,8,3,policy_check
8478,A,395,5,1,compress
8479,B,11,4,1,thumbnail
8480,B,186,9,5,crop
8481,E,196,23,4,crop
8482,H,491,14,4,crop
8483,E,442,12,1,resize
8484,E,231,19,2,crop
8485,F,286,6,4,transcode
8486,B,81,12,5,crop
8487,F,232,11,3,transcode
8488,C,226,26,2,policy_check
8489,D,101,4,2,transcode
8490,A,357,21,5,compress
8491,F,488,28,2,policy_check
8492,D,125,18,2,thumbnail
8493,C,164,26,3,crop
8494,E,437,9,2,compress
8495,F,385,10,2,compress
8496,D,104,17,4,policy_check
8497,B,126,1,3,thumbnail
8498,A,111,28,5,crop
8499,D,420,21,2,resize
8500,F,475,5,3,thumbnail
8501,G,123,10,3,transcode
8502,C,27,3,2,resize
8503,F,271,18,5,crop
8504,F,411,30,1,transcode
8505,F,298,12,3,watermark
8506,H,99,21,1,thumbnail
8507,E,130,30,5,compress
8508,D,12,16,3,compress
8509,C,498,9,3,watermark
8510,B,82,8,5,policy_check
8511,G,17,17,1,policy_check
8512,E,291,10,2,transcode
8513,E,128,15,3,watermark
8514,B,260,4,4,compress
8515,E,222,13,4,policy_check
8516,C,461,30,5,thumbnail
8517,C,330,25,2,resize
8518,A,370,7,3,watermark
8519,D,355,11,1,resize
8520,H,92,13,1,watermark
8521,B,148,27,2,compress
8522,G,321,23,2,compress
8523,E,337,11,5,thumbnail
8524,A,350,2,5,compress
8525,D,440,28,4,transcode
8526,F,433,24,1,policy_check
8527,F,454,13,5,watermark
8528,H,3,10,1,thumbnail
8529,D,407,8,1,resize
8530,D,123,13,4,watermark
8531,F,451,29,1,watermark
8532,D,215,16,4,policy_check
8533,A,6,20,1,resize
8534,F,189,13,5,watermark
8535,F,71,22,2,resize
8536,A,337,17,2,watermark
8537,D,257,18,4,crop
8538,E,163,15,5,resize
8539,H,279,22,4,policy_check
8540,D,279,13,3,transcode
8541,B,339,23,2,transcode
8542,G,44,29,2,resize
8543,D,296,18,4,policy_check
8544,E,134,14,5,thumbnail
8545,E,137,18,2,thumbnail
8546,H,446,30,4,policy_check
8547,A,423,23,4,resize
8548,D,249,11,2,compress
8549,A,49,19,1,watermark
8550,B,78,23,3,transcode
8551,A,24,23,1,crop
8552,H,49,20,4,resize
8553,G,302,28,4,policy_check
8554,C,463,16,3,resize
8555,E,238,15,4,policy_check
8556,C,90,26,1,resize
8557,C,409,4,5,thumbnail
8558,B,389,12,1,resize
8559,A,500,11,3,crop
8560,E,263,26,4,watermark
8561,A,168,4,4,transcode
8562,D,461,3,2,thumbnail
8563,E,182,18,3,watermark
8564,E,93,22,3,transcode
8565,D,40,17,1,thumbnail
8566,F,457,24,4,transcode
8567,H,16,15,5,watermark
8568,B,368,11,5,crop
8569,B,285,22,1,thumbnail
8570,E,193,3,2,transcode
8571,B,216,12,3,transcode
8572,C,25,2,3,compress
8573,G,457,11,3,watermark
8574,A,47,29,2,crop
8575,C,448,13,1,compress
8576,H,467,25,1,watermark
8577,F,199,3,3,crop
8578,G,376,6,3,resize
8579,F,361,8,1,thumbnail
8580,G,112,25,5,crop
8581,A,401,5,2,resize
8582,E,402,17,4,compress
8583,A,110,21,2,resize
8584,D,28,28,3,crop
8585,D,377,28,4,thumbnail
8586,B,132,25,1,resize
8587,D,491,12,3,transcode
8588,E,286,29,4,thumbnail
8589,A,434,6,1,watermark
8590,A,413,16,5,transcode
8591,F,490,9,1,thumbnail
8592,D,237,8,2,policy_check
8593,D,493,16,5,resize
8594,H,33,7,2,watermark
8595,A,233,7,2,thumbnail
8596,F,358,11,4,resize
8597,D,467,1,3,policy_check
8598,G,300,25,2,watermark
8599,C,243,30,2,transcode
8600,A,17,16,4,transcode
8601,C,120,27,1,policy_check
8602,A,305,6,3,transcode
8603,G,63,12,1,watermark
8604,D,73,18,4,resize
8605,A,410,11,1,crop
8606,B,428,19,4,policy_check
8607,E,105,10,1,resize
8608,C,409,24,3,crop
8609,C,252,11,1,watermark
8610,B,432,2,5,transcode
8611,D,32,26,4,policy_check
8612,D,353,28,1,resize
8613,B,391,28,3,resize
8614,H,121,12,3,resize
8615,B,203,12,4,transcode
8616,C,328,14,5,watermark
8617,D,315,1,3,watermark
8618,E,218,5,2,resize
8619,C,12,19,3,transcode
8620,D,364,28,3,resize
8621,G,284,24,3,watermark
8622,A,488,2,5,crop
8623,H,56,25,1,transcode
8624,E,498,27,2,policy_check
8625,H,395,13,2,resize
8626,E,150,17,1,compress
8627,F,66,9,2,resize
8628,A,394,16,3,crop
8629,A,237,3,4,policy_check
8630,E,45,30,1,crop
8631,D,46,11,2,resize
8632,F,171,23,2,crop
8633,G,449,5,1,watermark
8634,F,360,30,3,watermark
8635,G,434,2,5,transcode
8636,C,215,7,2,thumbnail
8637,D,441,26,5,thumbnail
8638,G,306,30,5,thumbnail
8639,A,339,20,4,policy_check
8640,D,415,3,2,transcode
8641,G,273,12,5,resize
8642,F,445,2,4,crop
8643,G,238,26,5,watermark
8644,G,361,30,3,resize
8645,F,20,29,1,compress
8646,F,365,7,3,transcode
8647,D,227,1,4,policy_check
8648,G,2,5,2,thumbnail
8649,B,266,11,1,thumbnail
8650,F,261,27,2,thumbnail
8651,D,310,12,5,crop
8652,G,410,13,1,crop
8653,D,66,26,1,crop
8654,C,317,18,1,compress
8655,F,9,19,3,policy_check
8656,F,56,23,1,watermark
8657,C,102,20,4,transcode
8658,D,180,3,2,transcode
8659,A,289,1,5,compress
8660,H,415,27,5,transcode
8661,C,283,13,5,crop
8662,H,60,23,3,watermark
8663,G,0,29,5,transcode
8664,H,267,10,5,crop
8665,G,216,27,3,crop
8666,C,414,5,3,transcode
8667,E,316,18,4,compress
8668,G,415,28,5,thumbnail
8669,E,360,26,3,watermark
8670,B,307,16,2,watermark
8671,C,208,17,3,compress
8672,E,3,11,3,policy_check
8673,B,212,24,5,crop
8674,D,418,3,2,thumbnail
8675,D,124,11,5,thumbnail
8676,D,307,11,1,policy_check
8677,B,147,2,3,resize
8678,H,78,8,4,resize
8679,A,220,29,1,resize
8680,C,54,16,5,policy_check
8681,A,486,24,3,crop
8682,C,92,5,1,thumbnail
8683,D,63,30,4,thumbnail
8684,F,65,26,5,transcode
8685,D,375,6,3,watermark
8686,C,69,10,3,resize
8687,D,224,13,3,thumbnail
8688,B,405,30,2,compress
8689,A,388,22,1,resize
8690,D,351,3,1,crop
8691,E,217,10,1,transcode
8692,E,462,17,4,compress
8693,H,219,29,3,transcode
8694,B,290,28,2,resize
8695,B,326,16,5,policy_check
8696,C,315,23,3,compress
8697,G,257,11,1,policy_check
8698,B,20,19,4,compress
8699,D,372,18,5,watermark
8700,C,299,20,4,crop
8701,H,175,3,2,policy_check
8702,C,159,21,3,thumbnail
8703,G,86,3,2,watermark
8704,G,162,29,2,policy_check
8705,H,418,1,1,policy_check
8706,F,33,23,1,compress
8707,C,202,10,1,thumbnail
8708,H,426,26,3,thumbnail
8709,A,327,5,1,policy_check
8710,D,58,18,4,crop
8711,B,343,18,3,thumbnail
8712,H,72,20,3,policy_check
8713,A,8,22,4,watermark
8714,C,378,2,2,transcode
8715,F,248,23,3,watermark
8716,G,190,27,2,resize
8717,C,192,4,1,resize
8718,B,38,3,3,compress
8719,H,193,13,3,thumbnail
8720,H,405,8,3,resize
8721,B,260,25,5,thumbnail
8722,H,183,3,2,policy_check
8723,E,413,28,4,transcode
8724,F,279,2,4,watermark
8725,F,402,11,2,crop
8726,E,276,11,1,crop
8727,D,401,16,1,thumbnail
8728,D,189,28,1,compress
8729,C,224,5,3,thumbnail
8730,D,485,5,1,transcode
8731,F,43,20,1,policy_check
8732,D,61,22,4,compress
8733,F,126,5,1,compress
8734,G,408,8,2,crop
8735,D,348,19,4,thumbnail
8736,C,451,23,5,compress
8737,G,324,2,2,compress
8738,B,462,20,3,transcode
8739,F,43,17,1,watermark
8740,C,33,27,3,watermark
8741,F,494,19,4,resize
8742,B,439,29,4,policy_check
8743,A,320,8,2,resize
8744,D,322,18,2,transcode
8745,D,223,12,3,transcode
8746,H,168,24,3,crop
8747,B,111,22,5,thumbnail
8748,D,84,1,4,watermark
8749,A,108,5,1,policy_check
8750,F,165,27,3,crop
8751,C,377,2,4,compress
8752,H,379,24,3,watermark
8753,C,372,30,4,crop
8754,A,453,21,4,transcode
8755,A,289,6,1,transcode
8756,H,279,14,1,policy_check
8757,B,389,2,5,transcode
8758,E,42,3,3,crop
8759,E,499,20,3,crop
8760,A,139,9,2,thumbnail
8761,G,410,24,1,compress
8762,G,494,14,2,resize
8763,D,158,9,3,transcode
8764,E,447,2,4,thumbnail
8765,C,18,7,4,watermark
8766,F,100,30,2,policy_check
8767,A,185,21,2,resize
8768,G,264,11,3,policy_check
8769,H,420,14,4,thumbnail
8770,G,433,12,3,policy_check
8771,G,242,17,1,resize
8772,H,15,20,2,transcode
8773,F,79,30,2,crop
8774,E,365,22,1,watermark
8775,A,390,30,3,compress
8776,D,145,13,2,crop
8777,H,86,5,5,compress
8778,A,300,10,3,watermark
8779,D,270,27,1,resize
8780,G,177,24,4,resize
8781,C,88,2,1,compress
8782,A,21,10,3,transcode
8783,B,124,20,5,compress
8784,G,31,14,4,transcode
8785,B,205,29,2,resize
8786,C,362,24,3,resize
8787,E,217,22,4,watermark
8788,F,46,12,3,compress
8789,H,460,9,5,resize
8790,D,42,17,3,policy_check
8791,C,28,10,5,policy_check
8792,E,392,2,3,policy_check
8793,D,373,15,3,crop
8794,A,61,22,3,compress
8795,G,218,29,2,crop
8796,G,147,3,2,crop
8797,A,449,16,2,compress
8798,F,26,25,5,thumbnail
8799,A,381,21,3,crop
8800,E,261,21,5,policy_check
8801,D,256,1,5,watermark
8802,B,116,12,5,policy_check
8803,D,207,30,2,crop
8804,G,61,24,5,thumbnail
8805,F,128,19,2,resize
8806,H,60,20,2,transcode
8807,G,253,11,4,resize
8808,H,163,26,3,policy_check
8809,C,487,10,1,compress
8810,B,206,2,5,resize
8811,G,84,9,1,crop
8812,C,220,16,3,watermark
8813,E,279,15,5,thumbnail
8814,G,207,17,1,policy_check
8815,A,390,8,1,policy_check
8816,D,163,25,3,compress
8817,F,393,8,1,crop
8818,B,205,28,5,crop
8819,F,272,17,4,policy_check
8820,E,228,23,2,policy_check
8821,E,286,21,2,compress
8822,H,305,3,5,policy_check
8823,D,68,18,1,watermark
8824,E,390,5,5,compress
8825,C,310,23,5,compress
8826,C,437,10,3,crop
8827,D,292,10,2,compress
8828,E,374,12,2,policy_check
8829,E,328,17,1,crop
8830,D,109,25,3,thumbnail
8831,C,477,25,1,policy_check
8832,D,290,24,3,resize
8833,H,410,14,4,crop
8834,A,136,22,5,thumbnail
8835,A,264,19,4,watermark
8836,D,5,17,5,watermark
8837,F,416,15,5,watermark
8838,A,268,4,1,resize
8839,H,122,14,4,watermark
8840,G,336,21,2,thumbnail
8841,C,121,1,2,policy_check
8842,F,385,30,3,policy_check
8843,F,264,8,2,transcode
8844,D,41,4,1,compress
8845,H,161,20,2,policy_check
8846,E,25,1,1,policy_check
8847,A,81,26,1,thumbnail
8848,F,344,16,4,transcode
8849,E,270,26,2,resize
8850,G,251,7,3,crop
8851,D,75,27,2,compress
8852,D,248,3,3,resize
8853,C,434,27,4,thumbnail
8854,C,139,30,1,resize
8855,D,62,30,3,compress
8856,C,193,8,1,watermark
8857,G,100,23,4,thumbnail
8858,E,18,22,2,policy_check
8859,A,396,17,5,policy_check
8860,F,169,1,2,compress
8861,C,118,7,5,compress
8862,C,204,3,2,thumbnail
8863,D,274,23,1,thumbnail
8864,B,210,3,1,compress
8865,C,192,1,4,watermark
8866,E,291,6,5,thumbnail
8867,C,232,23,2,policy_check
8868,B,449,3,3,transcode
8869,A,365,12,5,policy_check
8870,A,50,12,1,crop
8871,F,29,12,1,crop
8872,B,3,10,1,crop
8873,C,43,3,3,resize
8874,H,11,27,2,policy_check
8875,D,433,28,4,resize
8876,B,422,24,5,compress
8877,E,74,17,5,watermark
8878,H,206,13,3,crop
8879,B,398,12,1,compress
8880,G,275,12,3,policy_check
8881,F,17,30,5,resize
8882,G,182,23,2,crop
8883,C,206,13,5,crop
8884,C,229,26,2,crop
8885,G,99,12,5,crop
8886,A,296,8,2,watermark
8887,A,241,16,1,watermark
8888,G,261,1,4,thumbnail
8889,E,121,4,2,transcode
8890,B,40,8,5,compress
8891,B,479,2,5,resize
8892,G,209,28,4,watermark
8893,G,425,26,3,watermark
8894,B,493,23,4,compress
8895,E,152,25,5,resize
8896,D,64,4,3,policy_check
8897,A,83,7,4,thumbnail
8898,E,57,27,2,compress
8899,A,30,25,5,resize
8900,F,200,21,1,transcode
8901,H,22,10,1,transcode
8902,B,112,16,4,watermark
8903,A,404,21,5,policy_check
8904,F,251,24,4,transcode
8905,G,141,20,2,transcode
8906,F,360,16,5,resize
8907,B,334,7,5,policy_check
8908,F,480,9,5,thumbnail
8909,B,173,30,2,policy_check
8910,C,227,30,1,resize
8911,C,230,23,5,compress
8912,B,114,14,3,watermark
8913,A,376,8,5,resize
8914,D,330,20,3,crop
8915,H,199,9,5,compress
8916,B,389,13,3,watermark
8917,F,474,21,2,policy_check
8918,E,309,15,3,policy_check
8919,A,355,11,4,crop
8920,C,48,14,3,policy_check
8921,F,373,12,3,compress
8922,D,336,3,3,thumbnail
8923,A,389,1,4,compress
8924,D,275,19,1,watermark
8925,G,198,22,4,crop
8926,F,368,18,4,resize
8927,D,102,18,5,resize
8928,B,256,23,2,watermark
8929,C,17,10,5,policy_check
8930,C,355,6,5,thumbnail
8931,D,420,13,3,transcode
8932,D,434,8,5,crop
8933,A,360,9,3,compress
8934,F,231,21,1,crop
8935,C,367,20,2,thumbnail
8936,B,344,17,4,crop
8937,A,319,25,2,crop
8938,G,467,18,2,compress
8939,E,307,8,1,watermark
8940,E,462,19,2,crop
8941,G,323,16,1,transcode
8942,G,244,23,1,resize
8943,C,414,24,5,compress
8944,E,316,7,2,compress
8945,C,214,14,1,thumbnail
8946,A,242,18,1,resize
8947,D,150,22,4,compress
8948,D,373,23,4,crop
8949,H,478,24,5,crop
8950,C,197,25,3,watermark
8951,G,70,25,2,crop
8952,B,223,16,4,watermark
8953,G,411,25,5,crop
8954,H,230,12,1,crop
8955,E,78,25,5,watermark
8956,D,11,16,4,watermark
8957,D,184,13,2,watermark
8958,E,452,13,1,transcode
8959,G,303,14,2,thumbnail
8960,C,424,19,1,transcode
8961,E,464,22,3,crop
8962,E,259,19,5,crop
8963,F,455,11,4,thumbnail
8964,H,273,13,2,transcode
8965,G,243,16,4,thumbnail
8966,A,14,13,1,transcode
8967,F,46,20,1,thumbnail
8968,C,6,27,5,resize
8969,B,279,25,4,policy_check
8970,E,39,10,5,compress
8971,H,73,19,3,resize
8972,H,463,5,4,compress
8973,E,286,15,5,resize
8974,D,164,5,1,watermark
8975,D,120,10,2,resize
8976,D,451,12,2,thumbnail
8977,H,163,29,4,thumbnail
8978,E,245,25,3,thumbnail
8979,D,460,11,5,policy_check
8980,C,331,20,1,thumbnail
8981,H,419,1,3,thumbnail
8982,F,483,24,5,crop
8983,A,134,5,2,resize
8984,A,119,17,5,resize
8985,G,6,28,2,compress
8986,D,303,7,3,resize
8987,C,272,7,3,crop
8988,C,422,25,2,transcode
8989,A,160,7,1,crop
8990,G,453,5,1,transcode
8991,G,412,13,2,policy_check
8992,H,94,1,4,transcode
8993,F,412,8,3,transcode
8994,G,408,1,1,watermark
8995,D,152,24,4,thumbnail
8996,G,85,6,3,watermark
8997,D,376,22,1,resize
8998,F,489,28,2,watermark
8999,F,398,22,3,transcode
9000,A,39,11,5,policy_check
9001,C,4,21,4,policy_check
9002,A,495,18,5,thumbnail
9003,F,394,16,1,policy_check
9004,G,328,9,2,watermark
9005,G,317,9,3,thumbnail
9006,H,238,22,4,crop
9007,D,361,11,2,compress
9008,H,301,4,3,watermark
9009,C,487,30,4,resize
9010,G,477,18,2,thumbnail
9011,D,405,27,4,resize
9012,G,413,9,5,compress
9013,H,446,16,2,thumbnail
9014,A,247,7,5,crop
9015,F,97,21,4,policy_check
9016,F,136,12,1,thumbnail
9017,D,148,25,5,thumbnail
9018,F,162,19,2,crop
9019,G,107,25,2,resize
9020,A,434,27,3,watermark
9021,B,446,9,4,thumbnail
9022,B,278,28,4,watermark
9023,A,318,10,5,watermark
9024,B,403,26,3,resize
9025,H,339,24,3,resize
9026,C,284,26,4,crop
9027,D,491,24,1,resize
9028,B,218,9,5,resize
9029,E,290,2,3,compress
9030,C,279,20,2,transcode
9031,A,140,18,1,transcode
9032,D,419,12,3,resize
9033,H,401,26,4,policy_check
9034,B,51,7,4,resize
9035,G,303,5,4,policy_check
9036,C,138,13,3,resize
9037,E,459,22,2,policy_check
9038,G,334,18,4,policy_check
9039,H,131,2,5,watermark
9040,C,92,1,3,policy_check
9041,H,186,26,1,policy_check
9042,G,53,26,5,watermark
9043,A,229,13,4,crop
9044,A,493,8,3,policy_check
9045,A,93,23,4,watermark
9046,C,374,25,2,transcode
9047,C,168,24,3,transcode
9048,A,266,14,1,transcode
9049,B,73,13,1,transcode
9050,G,405,18,4,policy_check
9051,G,255,3,4,compress
9052,B,431,11,3,thumbnail
9053,A,448,22,3,watermark
9054,B,188,20,2,transcode
9055,C,461,24,4,thumbnail
9056,F,269,28,1,watermark
9057,G,471,22,5,compress
9058,E,292,8,4,crop
9059,H,21,2,3,thumbnail
9060,E,423,19,5,watermark
9061,F,33,5,3,transcode
9062,F,133,20,4,compress
9063,E,490,15,3,watermark
9064,D,392,2,2,watermark
9065,H,2,18,2,crop
9066,D,370,16,1,thumbnail
9067,B,428,16,1,watermark
9068,B,51,2,5,policy_check
9069,D,440,8,1,crop
9070,D,135,17,2,watermark
9071,A,470,17,2,policy_check
9072,G,91,26,5,transcode
9073,H,449,6,5,crop
9074,E,236,18,4,transcode
9075,D,122,8,1,compress
9076,H,368,15,4,compress
9077,F,144,12,1,watermark
9078,C,472,7,5,policy_check
9079,A,122,24,5,transcode
9080,F,486,11,5,watermark
9081,B,254,8,2,watermark
9082,F,159,15,4,compress
9083,A,390,15,5,thumbnail
9084,B,49,29,5,transcode
9085,H,281,5,1,thumbnail
9086,D,447,18,2,crop
9087,H,126,7,5,resize
9088,G,303,2,4,resize
9089,C,159,5,1,compress
9090,E,342,14,1,transcode
9091,F,448,20,2,resize
9092,H,326,19,3,resize
9093,E,213,2,5,watermark
9094,A,151,22,4,transcode
9095,F,253,28,3,resize
9096,G,192,1,4,thumbnail
9097,F,129,8,3,policy_check
9098,E,470,12,3,transcode
9099,D,304,15,3,crop
9100,G,293,17,2,transcode
9101,C,365,20,1,crop
9102,F,247,26,3,policy_check
9103,F,38,30,5,watermark
9104,G,228,7,4,crop
9105,F,174,10,3,resize
9106,A,357,27,4,thumbnail
9107,F,50,15,1,policy_check
9108,H,35,18,4,transcode
9109,E,346,27,4,thumbnail
9110,B,418,10,2,crop
9111,F,163,3,1,watermark
9112,H,443,23,1,resize
9113,C,387,7,3,transcode
9114,H,299,24,2,crop
9115,A,171,30,1,watermark
9116,E,377,20,4,policy_check
9117,C,495,22,1,crop
9118,B,183,27,5,compress
9119,H,348,1,5,crop
9120,B,243,4,5,compress
9121,G,186,10,4,transcode
9122,E,281,3,3,watermark
9123,C,212,3,5,crop
9124,F,449,13,5,thumbnail
9125,H,113,8,2,crop
9126,F,148,22,1,transcode
9127,A,107,29,2,compress
9128,C,300,18,3,watermark
9129,C,351,14,4,policy_check
9130,B,395,11,3,policy_check
9131,A,188,27,5,thumbnail
9132,C,458,15,3,watermark
9133,A,244,20,3,policy_check
9134,G,27,3,1,resize
9135,A,176,25,4,crop
9136,A,229,20,4,compress
9137,G,135,27,3,resize
9138,A,50,15,4,compress
9139,A,43,18,2,policy_check
9140,D,309,16,4,compress
9141,G,237,12,4,resize
9142,A,25,25,4,transcode
9143,D,226,4,3,crop
9144,A,310,27,1,thumbnail
9145,H,40,30,2,transcode
9146,A,198,26,2,crop
9147,B,485,24,3,resize
9148,C,53,2,5,thumbnail
9149,H,257,18,1,watermark
9150,G,418,27,5,crop
9151,D,261,4,3,policy_check
9152,B,382,17,1,thumbnail
9153,A,414,5,1,resize
9154,H,203,26,4,resize
9155,G,375,25,2,policy_check
9156,F,3,29,4,compress
9157,H,202,20,2,compress
9158,E,218,17,2,resize
9159,B,363,18,4,transcode
9160,F,500,14,2,resize
9161,G,228,8,4,watermark
9162,G,29,4,3,compress
9163,A,281,9,4,crop
9164,E,434,28,3,policy_check
9165,F,321,24,1,policy_check
9166,A,105,4,2,compress
9167,D,290,17,1,transcode
9168,G,157,6,1,resize
9169,F,479,5,2,thumbnail
9170,G,169,4,5,transcode
9171,G,293,12,2,compress
9172,G,83,8,2,watermark
9173,E,21,27,5,thumbnail
9174,D,395,26,4,compress
9175,G,192,16,3,resize
9176,F,190,23,5,watermark
9177,H,179,18,5,policy_check
9178,B,319,27,4,resize
9179,C,110,28,5,resize
9180,B,454,8,1,resize
9181,H,137,27,2,thumbnail
9182,D,496,1,5,watermark
9183,E,185,15,2,resize
9184,E,152,21,1,compress
9185,G,71,11,4,resize
9186,A,235,23,3,resize
9187,H,205,30,2,crop
9188,A,81,1,3,compress
9189,C,480,15,2,transcode
9190,B,307,27,4,crop
9191,B,134,21,1,thumbnail
9192,H,449,23,5,thumbnail
9193,E,479,8,2,watermark
9194,A,223,4,1,watermark
9195,F,234,11,4,watermark
9196,D,177,22,5,crop
9197,H,487,20,3,crop
9198,E,419,24,5,watermark
9199,E,465,2,3,watermark
9200,E,249,20,3,policy_check
9201,H,499,5,5,resize
9202,C,7,21,3,watermark
9203,H,201,9,3,compress
9204,A,288,22,1,crop
9205,C,139,20,4,compress
9206,A,287,16,3,thumbnail
9207,F,123,22,3,crop
9208,E,254,4,5,transcode
9209,G,249,17,5,policy_check
9210,D,149,23,1,compress
9211,A,379,6,5,compress
9212,H,5,25,3,compress
9213,G,185,21,5,compress
9214,A,136,26,3,policy_check
9215,B,171,5,4,compress
9216,H,66,3,4,watermark
9217,C,435,19,4,crop
9218,B,251,20,2,transcode
9219,G,147,5,5,crop
9220,B,339,25,2,compress
9221,G,99,12,5,policy_check
9222,B,288,8,1,crop
9223,G,490,2,2,resize
9224,G,442,27,2,compress
9225,G,130,4,2,transcode
9226,C,56,16,1,thumbnail
9227,B,234,27,2,watermark
9228,D,161,5,4,resize
9229,G,166,24,2,watermark
9230,C,406,2,2,resize
9231,F,41,17,3,compress
9232,D,240,26,4,crop
9233,A,24,16,3,transcode
9234,F,12,25,5,transcode
9235,F,37,27,3,compress
9236,D,23,2,1,resize
9237,D,62,16,4,compress
9238,C,227,7,1,watermark
9239,F,373,16,1,watermark
9240,C,209,20,2,transcode
9241,G,87,13,5,crop
9242,B,261,27,4,resize
9243,E,253,24,3,crop
9244,E,96,6,3,resize
9245,G,330,27,5,crop
9246,E,204,19,2,crop
9247,G,148,2,4,watermark
9248,A,199,28,2,thumbnail
9249,G,479,12,1,compress
9250,E,74,14,3,compress
9251,E,433,9,2,policy_check
9252,C,113,8,3,policy_check
9253,A,254,21,5,resize
9254,B,482,28,4,compress
9255,C,193,11,2,watermark
9256,G,386,6,5,compress
9257,C,453,1,2,compress
9258,D,320,20,5,watermark
9259,F,10,14,5,transcode
9260,F,347,11,1,crop
9261,E,156,24,1,crop
9262,B,240,19,5,resize
9263,B,318,12,4,watermark
9264,C,424,28,5,resize
9265,F,145,10,5,thumbnail
9266,A,51,6,5,policy_check
9267,F,271,13,4,crop
9268,D,198,12,4,watermark
9269,B,410,14,4,crop
9270,B,431,20,5,policy_check
9271,A,125,12,4,watermark
9272,C,88,6,2,policy_check
9273,G,100,3,4,transcode
9274,G,393,27,1,crop
9275,D,151,6,5,transcode
9276,F,99,8,3,compress
9277,E,205,15,2,transcode
9278,D,383,20,4,crop
9279,B,89,2,1,transcode
9280,B,448,29,3,compress
9281,F,72,14,1,resize
9282,H,258,8,4,compress
9283,H,219,15,1,transcode
9284,E,55,15,2,transcode
9285,C,446,12,2,thumbnail
9286,G,201,3,5,policy_check
9287,C,118,23,2,transcode
9288,H,401,21,4,resize
9289,A,500,27,2,transcode
9290,D,40,7,4,resize
9291,H,372,30,2,policy_check
9292,E,378,6,3,policy_check
9293,C,54,26,4,watermark
9294,D,98,5,5,crop
9295,G,145,23,2,crop
9296,B,10,19,3,crop
9297,A,445,19,4,policy_check
9298,G,98,1,5,watermark
9299,B,9,25,2,watermark
9300,C,428,16,3,thumbnail
9301,E,162,1,3,resize
9302,E,486,12,2,thumbnail
9303,H,77,23,3,watermark
9304,D,160,14,5,policy_check
9305,A,211,16,5,watermark
9306,H,83,8,2,transcode
9307,D,220,6,5,compress
9308,D,291,12,4,thumbnail
9309,D,137,29,1,policy_check
9310,E,194,19,2,policy_check
9311,D,474,15,1,policy_check
9312,C,216,6,1,thumbnail
9313,C,263,18,2,policy_check
9314,C,399,27,2,policy_check
9315,H,407,23,5,watermark
9316,A,269,7,1,resize
9317,A,314,6,5,watermark
9318,A,486,14,5,thumbnail
9319,D,269,19,3,resize
9320,F,439,26,5,resize
9321,A,163,24,1,transcode
9322,H,95,9,2,watermark
9323,G,155,15,5,policy_check
9324,C,78,27,1,watermark
9325,B,354,27,5,crop
9326,H,205,8,1,watermark
9327,G,45,9,4,policy_check
9328,B,323,5,2,policy_check
9329,B,478,14,3,crop
9330,C,284,26,2,thumbnail
9331,G,428,22,4,crop
9332,H,474,12,2,crop
9333,H,146,19,1,compress
9334,G,223,23,3,compress
9335,D,138,1,2,transcode
9336,E,350,19,3,thumbnail
9337,F,112,28,1,policy_check
9338,G,123,13,3,compress
9339,C,423,3,2,policy_check
9340,D,381,17,1,transcode
9341,D,436,10,4,resize
9342,G,473,9,4,crop
9343,C,436,3,1,policy_check
9344,H,226,24,5,policy_check
9345,G,37,15,1,compress
9346,E,19,16,4,resize
9347,H,355,7,3,compress
9348,E,17,5,1,policy_check
9349,H,184,19,3,resize
9350,B,194,27,5,compress
9351,F,301,19,3,thumbnail
9352,D,389,4,2,compress
9353,H,114,25,4,compress
9354,F,41,9,1,thumbnail
9355,E,406,24,5,crop
9356,F,402,25,2,transcode
9357,D,296,1,3,policy_check
9358,H,205,21,3,crop
9359,F,0,17,4,crop
9360,D,207,21,3,watermark
9361,B,412,23,5,policy_check
9362,F,308,15,1,crop
9363,E,433,12,2,policy_check
9364,D,203,3,1,compress
9365,H,292,19,4,crop
9366,E,300,16,3,transcode
9367,E,202,9,3,watermark
9368,D,170,26,3,compress
9369,H,176,1,2,thumbnail
9370,G,457,8,2,thumbnail
9371,F,327,18,5,crop
9372,G,0,18,3,compress
9373,G,65,30,3,policy_check
9374,F,150,9,5,policy_check
9375,G,265,29,2,compress
9376,E,490,20,1,resize
9377,C,259,4,3,watermark
9378,H,329,12,1,crop
9379,H,273,18,3,compress
9380,B,56,19,2,policy_check
9381,A,400,12,3,crop
9382,C,151,25,3,thumbnail
9383,E,124,10,3,thumbnail
9384,H,235,10,4,policy_check
9385,B,46,1,1,transcode
9386,C,240,8,2,compress
9387,E,37,5,2,crop
9388,G,494,4,1,watermark
9389,B,102,6,4,transcode
9390,F,238,14,5,watermark
9391,B,306,29,1,crop
9392,G,418,19,4,compress
9393,D,23,18,2,crop
9394,F,498,15,2,thumbnail
9395,H,275,29,4,crop
9396,A,357,16,5,compress
9397,H,85,19,4,policy_check
9398,A,271,1,5,watermark
9399,D,114,14,1,transcode
9400,F,439,6,5,transcode
9401,C,284,10,5,policy_check
9402,C,29,14,3,policy_check
9403,D,176,15,2,policy_check
9404,B,78,5,4,compress
9405,A,191,16,4,compress
9406,F,480,16,4,watermark
9407,C,433,21,4,resize
9408,D,194,6,4,transcode
9409,E,366,18,5,transcode
9410,C,228,26,4,compress
9411,E,389,15,1,compress
9412,D,354,12,1,policy_check
9413,H,354,3,2,resize
9414,C,160,17,3,policy_check
9415,F,291,28,4,resize
9416,F,92,21,2,crop
9417,E,159,11,2,crop
9418,D,47,4,3,transcode
9419,G,483,8,5,compress
9420,F,389,17,4,compress
9421,D,376,23,5,watermark
9422,D,359,29,1,resize
9423,G,175,13,2,compress
9424,C,47,7,1,compress
9425,B,129,18,4,thumbnail
9426,H,261,17,2,policy_check
9427,B,367,15,4,policy_check
9428,A,289,26,1,crop
9429,B,113,6,3,watermark
9430,A,454,10,3,thumbnail
9431,F,224,29,5,crop
9432,H,199,11,1,resize
9433,C,377,25,3,policy_check
9434,G,44,29,4,compress
9435,E,499,1,5,policy_check
9436,F,302,20,4,policy_check
9437,E,174,27,2,policy_check
9438,A,365,1,1,crop
9439,H,73,8,5,crop
9440,E,460,4,5,policy_check
9441,A,232,23,1,resize
9442,H,379,19,2,crop
9443,B,94,16,3,compress
9444,B,384,6,3,thumbnail
9445,G,119,19,4,resize
9446,B,427,18,1,watermark
9447,A,350,21,1,thumbnail
9448,F,303,29,3,thumbnail
9449,B,278,7,3,compress
9450,F,30,4,4,watermark
9451,F,442,1,1,thumbnail
9452,D,236,14,1,policy_check
9453,D,380,6,3,transcode
9454,F,30,29,5,transcode
9455,F,463,21,4,thumbnail
9456,F,119,3,3,thumbnail
9457,H,146,18,1,transcode
9458,C,227,22,1,crop
9459,E,330,14,4,transcode
9460,C,276,24,4,thumbnail
9461,D,416,27,4,transcode
9462,H,468,1,3,transcode
9463,B,269,15,2,watermark
9464,E,403,12,5,transcode
9465,F,243,1,1,watermark
9466,D,492,17,5,transcode
9467,C,444,2,1,watermark
9468,C,211,19,3,watermark
9469,F,315,28,3,resize
9470,H,203,6,1,thumbnail
9471,D,141,10,1,watermark
9472,E,124,1,5,crop
9473,B,151,28,2,compress
9474,D,433,7,2,resize
9475,A,480,11,4,crop
9476,D,155,23,4,compress
9477,D,314,16,1,watermark
9478,H,449,7,1,compress
9479,D,274,22,4,policy_check
9480,E,34,25,3,watermark
9481,E,102,14,5,crop
9482,B,325,29,3,resize
9483,F,90,22,5,transcode
9484,B,265,13,2,transcode
9485,E,359,6,3,thumbnail
9486,H,490,7,5,thumbnail
9487,E,431,12,1,transcode
9488,B,200,12,3,watermark
9489,G,71,24,5,crop
9490,G,79,7,4,resize
9491,E,9,13,1,watermark
9492,A,216,28,5,watermark
9493,E,237,5,3,resize
9494,F,96,13,1,watermark
9495,D,394,13,5,policy_check
9496,C,267,25,5,crop
9497,B,202,21,5,policy_check
9498,B,292,5,3,policy_check
9499,C,37,11,4,crop
9500,C,277,8,1,transcode
9501,G,95,22,4,compress
9502,D,160,2,3,crop
9503,D,168,28,4,compress
9504,H,195,21,3,transcode
9505,G,65,24,5,compress
9506,E,166,25,3,crop
9507,G,171,11,2,transcode
9508,G,397,9,1,policy_check
9509,G,234,22,1,compress
9510,D,196,22,2,crop
9511,D,378,8,3,resize
9512,C,327,18,2,thumbnail
9513,D,345,5,1,resize
9514,F,62,9,1,crop
9515,G,308,21,3,resize
9516,A,317,6,5,watermark
9517,D,128,19,4,policy_check
9518,F,490,16,5,thumbnail
9519,G,238,27,4,transcode
9520,F,47,2,2,crop
9521,A,409,22,3,transcode
9522,C,418,23,4,crop
9523,G,402,1,4,resize
9524,D,328,2,3,compress
9525,B,323,29,3,policy_check
9526,B,239,28,1,policy_check
9527,A,120,3,5,resize
9528,B,333,21,3,watermark
9529,A,259,10,5,compress
9530,E,244,12,2,compress
9531,E,473,30,2,transcode
9532,H,215,3,3,policy_check
9533,E,254,6,5,resize
9534,H,182,25,5,crop
9535,F,344,23,1,policy_check
9536,D,135,13,4,watermark
9537,C,247,24,5,policy_check
9538,A,299,30,5,watermark
9539,F,130,6,3,thumbnail
9540,D,376,20,3,compress
9541,G,326,18,4,transcode
9542,H,420,24,1,thumbnail
9543,D,329,29,1,transcode
9544,E,404,18,2,policy_check
9545,D,309,13,4,crop
9546,G,215,5,3,transcode
9547,H,466,14,2,crop
9548,B,179,6,1,watermark
9549,G,487,13,1,crop
9550,F,404,25,5,watermark
9551,H,279,8,4,compress
9552,A,459,28,4,transcode
9553,F,289,7,1,transcode
9554,E,133,6,3,thumbnail
9555,E,102,3,2,watermark
9556,F,326,14,5,resize
9557,G,175,17,5,resize
9558,D,13,28,2,compress
9559,E,82,25,5,transcode
9560,B,177,12,1,transcode
9561,E,295,1,1,transcode
9562,E,422,15,1,policy_check
9563,H,381,25,4,policy_check
9564,B,337,16,3,compress
9565,C,84,27,2,compress
9566,F,256,21,1,compress
9567,B,115,29,5,watermark
9568,D,289,24,3,transcode
9569,D,85,8,2,transcode
9570,B,104,29,1,resize
9571,D,145,21,4,policy_check
9572,D,392,21,3,watermark
9573,H,193,30,3,thumbnail
9574,A,290,1,5,thumbnail
9575,D,89,28,1,transcode
9576,A,287,27,3,policy_check
9577,E,119,15,1,thumbnail
9578,E,401,6,2,thumbnail
9579,F,351,7,3,resize
9580,A,138,11,3,compress
9581,E,88,20,3,crop
9582,E,164,30,2,watermark
9583,F,441,18,5,thumbnail
9584,A,326,7,2,resize
9585,E,102,30,2,policy_check
9586,A,460,29,1,thumbnail
9587,B,167,16,5,resize
9588,A,59,28,4,compress
9589,G,110,3,4,watermark
9590,B,355,15,3,crop
9591,A,257,10,1,policy_check
9592,G,34,8,1,crop
9593,D,46,6,1,policy_check
9594,A,94,18,3,crop
9595,H,337,14,2,watermark
9596,E,54,18,5,resize
9597,E,368,6,1,compress
9598,G,428,24,5,thumbnail
9599,E,214,26,4,thumbnail
9600,G,496,18,4,resize
9601,D,446,12,1,policy_check
9602,C,122,8,5,watermark
9603,B,428,26,4,policy_check
9604,C,30,23,3,resize
9605,F,36,6,4,transcode
9606,B,136,30,3,compress
9607,G,47,13,2,compress
9608,F,200,9,5,compress
9609,D,98,30,5,transcode
9610,G,31,27,5,watermark
9611,F,340,9,3,watermark
9612,E,357,16,3,policy_check
9613,H,192,15,4,compress
9614,G,490,19,4,thumbnail
9615,A,497,18,3,policy_check
9616,A,91,4,3,resize
9617,D,216,1,1,policy_check
9618,B,332,9,2,watermark
9619,G,463,22,4,thumbnail
9620,B,464,19,3,compress
9621,F,140,8,2,crop
9622,C,138,30,5,resize
9623,B,379,29,2,transcode
9624,E,394,29,2,policy_check
9625,G,103,13,2,transcode
9626,E,154,10,2,crop
9627,B,56,4,4,thumbnail
9628,D,322,24,1,policy_check
9629,H,395,4,4,thumbnail
9630,B,153,18,5,crop
9631,G,392,9,3,transcode
9632,F,498,3,3,watermark
9633,B,61,10,4,crop
9634,D,299,26,5,compress
9635,A,423,12,5,transcode
9636,F,310,15,4,resize
9637,D,185,8,2,compress
9638,E,71,19,1,transcode
9639,B,273,3,2,transcode
9640,H,140,3,1,watermark
9641,E,37,28,5,policy_check
9642,C,336,20,1,crop
9643,A,492,16,5,thumbnail
9644,A,475,27,4,crop
9645,F,303,7,4,thumbnail
9646,B,461,30,4,crop
9647,A,106,27,1,crop
9648,A,407,7,5,policy_check
9649,H,142,29,2,transcode
9650,D,2,25,4,compress
9651,G,204,12,3,thumbnail
9652,G,105,24,1,compress
9653,G,102,22,1,transcode
9654,B,10,8,5,crop
9655,G,47,3,4,watermark
9656,E,220,27,5,policy_check
9657,B,500,30,2,policy_check
9658,H,45,29,4,watermark
9659,G,471,20,4,thumbnail
9660,B,412,12,3,compress
9661,E,371,29,1,thumbnail
9662,F,230,28,1,compress
9663,H,418,6,1,crop
9664,E,141,5,3,crop
9665,H,5,23,5,transcode
9666,H,389,28,4,resize
9667,E,177,3,3,compress
9668,C,498,7,1,resize
9669,G,340,2,3,crop
9670,E,108,3,2,policy_check
9671,D,169,2,2,policy_check
9672,F,14,6,5,resize
9673,B,300,22,4,thumbnail
9674,H,339,1,4,transcode
9675,C,28,23,4,transcode
9676,C,496,29,5,thumbnail
9677,D,138,28,3,policy_check
9678,E,479,3,4,compress
9679,F,96,3,2,watermark
9680,G,456,25,5,thumbnail
9681,G,19,22,2,transcode
9682,E,330,17,5,resize
9683,A,489,24,2,transcode
9684,C,60,12,2,watermark
9685,D,254,11,5,resize
9686,B,371,10,1,transcode
9687,E,431,4,5,crop
9688,B,410,5,3,policy_check
9689,D,93,18,2,policy_check
9690,C,332,17,3,resize
9691,C,99,9,3,compress
9692,F,121,23,4,resize
9693,D,261,3,5,policy_check
9694,F,133,23,5,policy_check
9695,A,445,25,5,policy_check
9696,A,307,18,1,watermark
9697,D,409,13,1,thumbnail
9698,H,355,2,3,compress
9699,F,100,30,4,resize
9700,D,147,13,1,thumbnail
9701,C,79,30,3,crop
9702,A,193,13,2,transcode
9703,A,218,12,3,resize
9704,H,4,8,1,policy_check
9705,D,463,27,2,watermark
9706,E,413,22,1,transcode
9707,C,60,8,4,policy_check
9708,H,240,2,2,compress
9709,E,144,3,3,compress
9710,G,425,27,3,crop
9711,E,35,6,4,compress
9712,F,275,13,1,crop
9713,E,196,17,3,policy_check
9714,A,144,6,5,crop
9715,G,310,8,5,watermark
9716,F,370,18,1,policy_check
9717,G,468,29,5,thumbnail
9718,H,433,28,4,watermark
9719,D,383,8,2,resize
9720,D,341,25,2,compress
9721,G,199,10,4,resize
9722,E,39,9,4,resize
9723,C,67,4,1,resize
9724,B,323,28,3,compress
9725,B,28,8,2,crop
9726,B,182,17,4,transcode
9727,G,325,22,4,resize
9728,G,83,30,2,policy_check
9729,H,408,4,5,watermark
9730,B,187,19,1,compress
9731,H,133,28,1,compress
9732,E,309,11,1,watermark
9733,C,39,30,2,resize
9734,C,309,26,2,compress
9735,B,252,1,4,crop
9736,H,97,25,5,policy_check
9737,G,177,24,1,crop
9738,G,242,29,5,policy_check
9739,B,73,14,2,transcode
9740,F,207,19,4,thumbnail
9741,D,49,28,3,resize
9742,C,164,26,2,transcode
9743,H,219,24,5,compress
9744,G,277,1,1,watermark
9745,A,267,18,1,thumbnail
9746,G,189,7,4,compress
9747,F,383,19,3,policy_check
9748,G,194,8,3,resize
9749,A,467,8,2,resize
9750,D,54,8,2,watermark
9751,F,253,9,1,compress
9752,E,334,7,2,policy_check
9753,G,59,12,1,thumbnail
9754,D,325,22,5,compress
9755,E,467,20,5,transcode
9756,A,497,11,5,crop
9757,E,349,21,3,resize
9758,G,306,11,1,thumbnail
9759,A,288,15,3,transcode
9760,B,337,9,4,resize
9761,B,367,25,5,compress
9762,A,291,16,2,watermark
9763,G,161,17,4,resize
9764,E,57,11,1,crop
9765,F,278,25,5,resize
9766,A,375,22,5,compress
9767,C,38,22,3,watermark
9768,A,221,12,2,transcode
9769,A,413,12,1,transcode
9770,E,204,15,1,resize
9771,H,212,14,1,crop
9772,A,156,23,3,thumbnail
9773,H,138,25,5,transcode
9774,C,139,15,3,policy_check
9775,B,443,14,4,compress
9776,F,40,8,1,policy_check
9777,D,163,13,5,resize
9778,B,444,5,2,watermark
9779,F,354,28,4,resize
9780,F,54,4,5,transcode
9781,G,114,7,5,compress
9782,C,485,26,2,watermark
9783,B,328,22,5,resize
9784,E,375,10,5,transcode
9785,B,135,13,5,resize
9786,A,385,4,5,compress
9787,F,221,5,1,thumbnail
9788,H,410,15,2,watermark
9789,D,313,9,3,resize
9790,E,301,5,3,resize
9791,G,304,26,1,policy_check
9792,F,10,1,1,crop
9793,A,416,27,5,transcode
9794,E,296,6,5,watermark
9795,B,74,1,5,watermark
9796,B,116,30,5,resize
9797,C,403,9,3,resize
9798,H,208,7,1,compress
9799,E,238,26,2,crop
9800,A,265,11,2,thumbnail
9801,E,445,6,1,compress
9802,B,232,10,2,resize
9803,E,9,5,3,transcode
9804,C,438,19,2,transcode
9805,D,450,2,3,transcode
9806,B,472,9,4,watermark
9807,G,470,7,5,crop
9808,B,49,11,5,compress
9809,A,319,12,1,thumbnail
9810,A,104,20,1,compress
9811,B,489,29,1,watermark
9812,C,305,5,1,watermark
9813,D,258,23,4,policy_check
9814,F,428,1,2,crop
9815,E,437,14,2,thumbnail
9816,C,27,2,2,thumbnail
9817,D,440,16,2,crop
9818,D,161,20,4,compress
9819,G,264,9,4,compress
9820,E,163,20,1,compress
9821,A,450,16,1,resize
9822,F,209,7,4,policy_check
9823,A,475,6,1,transcode
9824,C,440,18,1,crop
9825,E,299,16,1,watermark
9826,D,316,24,3,resize
9827,B,209,20,3,transcode
9828,F,401,18,5,transcode
9829,E,71,17,5,thumbnail
9830,E,170,1,3,crop
9831,G,429,18,5,policy_check
9832,D,423,18,2,crop
9833,D,429,12,3,policy_check
9834,D,452,11,5,resize
9835,E,475,5,1,compress
9836,H,133,24,4,watermark
9837,G,229,12,1,policy_check
9838,F,443,19,2,compress
9839,A,23,19,1,policy_check
9840,A,286,21,5,watermark
9841,C,142,19,5,compress
9842,D,105,8,5,thumbnail
9843,H,104,7,2,thumbnail
9844,B,237,24,5,transcode
9845,C,442,28,1,watermark
9846,A,247,30,3,crop
9847,H,158,5,4,policy_check
9848,G,94,20,3,transcode
9849,E,59,29,1,compress
9850,C,354,17,4,compress
9851,A,387,19,3,thumbnail
9852,B,310,18,2,compress
9853,C,438,24,3,watermark
9854,B,386,11,4,compress
9855,B,483,1,5,transcode
9856,H,496,3,3,watermark
9857,F,10,11,4,compress
9858,F,320,25,4,watermark
9859,B,53,25,1,watermark
9860,G,356,11,1,thumbnail
9861,A,359,16,2,crop
9862,D,346,8,4,crop
9863,C,4,11,2,resize
9864,C,225,29,4,thumbnail
9865,D,457,13,1,policy_check
9866,F,242,10,3,compress
9867,E,74,15,5,thumbnail
9868,D,90,13,3,watermark
9869,H,379,16,5,thumbnail
9870,B,376,8,5,resize
9871,A,218,29,1,crop
9872,E,26,13,2,transcode
9873,F,488,22,3,compress
9874,B,211,8,1,thumbnail
9875,C,444,21,4,crop
9876,E,460,20,4,policy_check
9877,A,69,10,1,watermark
9878,E,366,5,2,thumbnail
9879,A,24,4,1,crop
9880,H,356,27,3,thumbnail
9881,H,269,28,3,policy_check
9882,F,450,10,1,resize
9883,F,394,19,3,crop
9884,H,41,5,3,watermark
9885,E,130,9,5,thumbnail
9886,G,310,28,2,resize
9887,D,254,2,3,policy_check
9888,G,228,14,4,transcode
9889,D,497,18,3,watermark
9890,C,224,8,3,crop
9891,E,86,17,4,thumbnail
9892,A,325,30,5,compress
9893,A,184,16,3,transcode
9894,D,323,22,2,crop
9895,E,48,15,1,thumbnail
9896,F,452,24,3,policy_check
9897,F,106,26,5,policy_check
9898,B,167,6,3,thumbnail
9899,E,345,9,5,policy_check
9900,H,155,13,4,crop
9901,B,311,19,4,crop
9902,D,476,14,1,compress
9903,C,107,30,2,crop
9904,G,181,19,4,watermark
9905,C,466,16,2,resize
9906,F,249,20,4,policy_check
9907,B,96,18,3,compress
9908,E,403,23,3,compress
9909,A,246,4,2,thumbnail
9910,G,416,11,1,policy_check
9911,E,240,7,3,policy_check
9912,H,83,5,4,crop
9913,H,25,11,4,resize
9914,D,86,13,2,policy_check
9915,F,376,28,4,crop
9916,F,104,11,2,thumbnail
9917,G,406,9,1,crop
9918,E,296,6,4,crop
9919,A,206,18,5,policy_check
9920,D,181,16,3,transcode
9921,E,229,10,2,watermark
9922,B,165,17,5,crop
9923,H,381,17,4,resize
9924,G,263,14,2,thumbnail
9925,A,365,6,5,transcode
9926,G,327,23,3,watermark
9927,G,75,30,4,compress
9928,H,66,20,3,watermark
9929,F,332,24,1,crop
9930,E,376,17,5,watermark
9931,B,92,7,2,resize
9932,C,215,6,1,transcode
9933,C,333,6,5,compress
9934,F,251,3,5,compress
9935,F,302,9,3,transcode
9936,G,319,14,3,policy_check
9937,D,206,19,2,compress
9938,A,31,7,5,thumbnail
9939,B,225,5,2,policy_check
9940,E,28,28,2,crop
9941,D,396,25,2,watermark
9942,E,276,23,2,transcode
9943,E,395,2,2,watermark
9944,A,143,9,5,compress
9945,F,443,29,1,compress
9946,G,246,17,2,watermark
9947,G,184,3,3,thumbnail
9948,A,419,18,4,transcode
9949,D,282,23,5,policy_check
9950,E,283,30,2,crop
9951,B,401,5,3,policy_check
9952,D,193,22,4,crop
9953,H,364,23,3,crop
9954,H,161,20,5,transcode
9955,C,147,25,1,crop
9956,C,61,9,2,watermark
9957,F,178,2,2,watermark
9958,F,494,26,5,crop
9959,A,192,5,2,thumbnail
9960,A,192,11,2,policy_check
9961,G,59,27,3,watermark
9962,H,44,1,3,watermark
9963,F,311,21,2,transcode
9964,C,426,14,3,compress
9965,A,277,16,2,resize
9966,B,312,13,4,resize
9967,E,24,29,2,policy_check
9968,B,212,29,4,compress
9969,C,35,9,3,crop
9970,H,456,6,2,transcode
9971,C,141,8,3,resize
9972,A,157,23,1,crop
9973,H,327,6,1,watermark
9974,A,323,8,4,resize
9975,E,459,8,5,watermark
9976,E,492,7,1,transcode
9977,E,343,4,1,policy_check
9978,D,351,4,4,crop
9979,C,270,17,1,resize
9980,A,277,26,4,resize
9981,B,326,22,3,thumbnail
9982,H,20,23,2,watermark
9983,G,206,3,2,crop
9984,A,472,2,4,policy_check
9985,C,142,7,4,watermark
9986,D,135,15,1,transcode
9987,H,398,8,1,crop
9988,C,212,4,1,policy_check
9989,E,237,3,1,crop
9990,B,415,1,5,watermark
9991,G,100,23,1,transcode
9992,F,49,6,5,transcode
9993,B,287,5,4,watermark
9994,F,285,4,4,crop
9995,F,439,28,1,watermark
9996,F,48,13,2,watermark
9997,G,213,15,1,policy_check
9998,D,406,13,4,crop
9999,A,203,11,1,compress
10000,D,12,6,1,watermark
